"week_start","lugar","fiebre_38","ante_fiebre","tos_p","malestar","dolor_decabeza","dolor_muscular_articulaciones","odinofagia","rinorrea","conjuntivitis","adenopatia","disnea","p_gusto","perdida_olfato","nausea_vomitos","diarrea_r","alt_conciencia","estridor","tiraje","aleteo_nasal","vomitos_diarrea","source","denom","total_tested","n","n_roll","denom_roll","total_tested_roll","fiebre_38_roll","ante_fiebre_roll","tos_p_roll","malestar_roll","dolor_decabeza_roll","dolor_muscular_articulaciones_roll","odinofagia_roll","rinorrea_roll","conjuntivitis_roll","adenopatia_roll","disnea_roll","p_gusto_roll","perdida_olfato_roll","nausea_vomitos_roll","diarrea_r_roll","alt_conciencia_roll","estridor_roll","tiraje_roll","aleteo_nasal_roll","vomitos_diarrea_roll","fiebre_38_inc","ante_fiebre_inc","tos_p_inc","malestar_inc","dolor_decabeza_inc","dolor_muscular_articulaciones_inc","odinofagia_inc","rinorrea_inc","conjuntivitis_inc","adenopatia_inc","disnea_inc","p_gusto_inc","perdida_olfato_inc","nausea_vomitos_inc","diarrea_r_inc","alt_conciencia_inc","estridor_inc","tiraje_inc","aleteo_nasal_inc","vomitos_diarrea_inc"
2025-06-15,"Banasa",1,6,7,3,2,3,2,3,0,0,4,0,1,0,0,0,0,0,0,0,"Resp",3000,9,1,NA,NA,NA,NA,NA,NA,NA,NA,NA,NA,NA,NA,NA,NA,NA,NA,NA,NA,NA,NA,NA,NA,NA,0.333333333333333,2,2.33333333333333,1,0.666666666666667,1,0.666666666666667,1,0,0,1.33333333333333,0,0.333333333333333,0,0,0,0,0,0,0
2025-06-22,"Banasa",0,4,11,5,6,6,12,10,0,0,2,0,3,0,0,0,0,0,0,3,"Resp",3000,14,1,3,9000,35,0.333333333333333,1.33333333333333,3,1.22222222222222,0.888888888888889,1.22222222222222,2.66666666666667,2.44444444444444,0,0,1,0,0.777777777777778,0,0,0,0,0,0,0.333333333333333,0,1.33333333333333,3.66666666666667,1.66666666666667,2,2,4,3.33333333333333,0,0,0.666666666666667,0,1,0,0,0,0,0,0,1
2025-06-29,"Banasa",2,2,9,3,0,2,10,9,0,0,3,0,3,0,0,0,0,0,0,0,"Resp",3000,12,1,3,9000,31,0.333333333333333,1,2.55555555555556,1,0.777777777777778,0.888888888888889,2.88888888888889,2.22222222222222,0,0,0.666666666666667,0,0.777777777777778,0,0,0,0,0,0,0.333333333333333,0.666666666666667,0.666666666666667,3,1,0,0.666666666666667,3.33333333333333,3,0,0,1,0,1,0,0,0,0,0,0,0
2025-07-06,"Banasa",1,3,3,1,1,0,4,1,0,0,1,0,1,0,0,0,0,0,0,0,"Resp",3000,5,1,3,9000,22,0.444444444444444,0.777777777777778,1.88888888888889,0.666666666666667,0.222222222222222,0.333333333333333,2,1.55555555555556,0,0,0.555555555555556,0.111111111111111,0.555555555555556,0.111111111111111,0.111111111111111,0,0,0,0,0,0.333333333333333,1,1,0.333333333333333,0.333333333333333,0,1.33333333333333,0.333333333333333,0,0,0.333333333333333,0,0.333333333333333,0,0,0,0,0,0,0
2025-07-13,"Banasa",1,2,5,2,1,1,4,4,0,0,1,1,1,1,1,0,0,0,0,0,"Resp",3000,5,1,3,9000,15,0.222222222222222,0.777777777777778,1.22222222222222,0.444444444444444,0.222222222222222,0.111111111111111,1.44444444444444,0.666666666666667,0,0,0.222222222222222,0.111111111111111,0.222222222222222,0.111111111111111,0.111111111111111,0,0,0,0,0,0.333333333333333,0.666666666666667,1.66666666666667,0.666666666666667,0.333333333333333,0.333333333333333,1.33333333333333,1.33333333333333,0,0,0.333333333333333,0.333333333333333,0.333333333333333,0.333333333333333,0.333333333333333,0,0,0,0,0
2025-07-20,"Banasa",0,2,3,1,0,0,5,1,0,0,0,0,0,0,0,0,0,0,0,0,"Resp",3000,5,1,3,9000,12,0.111111111111111,0.555555555555556,1,0.444444444444444,0.222222222222222,0.222222222222222,1.22222222222222,0.666666666666667,0,0,0.111111111111111,0.111111111111111,0.111111111111111,0.111111111111111,0.111111111111111,0,0,0,0,0,0,0.666666666666667,1,0.333333333333333,0,0,1.66666666666667,0.333333333333333,0,0,0,0,0,0,0,0,0,0,0,0
2025-07-27,"Banasa",0,1,1,1,1,1,2,1,0,0,0,0,0,0,0,0,0,0,0,0,"Resp",3000,2,1,3,9000,10,0,0.333333333333333,0.666666666666667,0.222222222222222,0.111111111111111,0.111111111111111,1.11111111111111,0.333333333333333,0,0,0,0,0.111111111111111,0,0,0,0,0,0,0,0,0.333333333333333,0.333333333333333,0.333333333333333,0.333333333333333,0.333333333333333,0.666666666666667,0.333333333333333,0,0,0,0,0,0,0,0,0,0,0,0
2025-08-03,"Banasa",0,0,2,0,0,0,3,1,0,0,0,0,1,0,0,0,0,0,0,0,"Resp",3000,3,1,3,9000,9,0,0.111111111111111,0.666666666666667,0.222222222222222,0.222222222222222,0.111111111111111,0.888888888888889,0.666666666666667,0,0,0.111111111111111,0.111111111111111,0.222222222222222,0,0,0,0,0,0,0,0,0,0.666666666666667,0,0,0,1,0.333333333333333,0,0,0,0,0.333333333333333,0,0,0,0,0,0,0
2025-08-10,"Banasa",0,0,3,1,1,0,3,4,0,0,1,1,1,0,0,0,0,0,0,0,"Resp",3000,4,1,3,9000,12,0.111111111111111,0.111111111111111,0.888888888888889,0.222222222222222,0.333333333333333,0.111111111111111,1.11111111111111,0.777777777777778,0,0,0.222222222222222,0.111111111111111,0.222222222222222,0,0,0,0,0,0,0,0,0,1,0.333333333333333,0.333333333333333,0,1,1.33333333333333,0,0,0.333333333333333,0.333333333333333,0.333333333333333,0,0,0,0,0,0,0
2025-08-17,"Banasa",1,1,3,1,2,1,4,2,0,0,1,0,0,0,0,0,0,0,0,0,"Resp",3000,5,1,3,9000,20,0.111111111111111,0.333333333333333,1.44444444444444,0.333333333333333,0.666666666666667,0.333333333333333,1.77777777777778,1.55555555555556,0,0,0.333333333333333,0.333333333333333,0.333333333333333,0.111111111111111,0.111111111111111,0,0.111111111111111,0,0,0,0.333333333333333,0.333333333333333,1,0.333333333333333,0.666666666666667,0.333333333333333,1.33333333333333,0.666666666666667,0,0,0.333333333333333,0,0,0,0,0,0,0,0,0
2025-08-24,"Banasa",0,2,7,1,3,2,9,8,0,0,1,2,2,1,1,0,1,0,0,0,"Resp",3000,11,1,3,9000,19,0.111111111111111,0.555555555555556,1.44444444444444,0.333333333333333,0.666666666666667,0.555555555555556,1.77777777777778,1.22222222222222,0,0,0.222222222222222,0.333333333333333,0.333333333333333,0.111111111111111,0.222222222222222,0,0.111111111111111,0,0,0,0,0.666666666666667,2.33333333333333,0.333333333333333,1,0.666666666666667,3,2.66666666666667,0,0,0.333333333333333,0.666666666666667,0.666666666666667,0.333333333333333,0.333333333333333,0,0.333333333333333,0,0,0
2025-08-31,"Banasa",0,2,3,1,1,2,3,1,0,0,0,1,1,0,1,0,0,0,0,0,"Resp",3000,3,1,3,9000,17,0,0.444444444444444,1.33333333333333,0.333333333333333,0.666666666666667,0.444444444444444,1.55555555555556,1.33333333333333,0,0,0.222222222222222,0.333333333333333,0.444444444444444,0.111111111111111,0.222222222222222,0,0.111111111111111,0,0,0,0,0.666666666666667,1,0.333333333333333,0.333333333333333,0.666666666666667,1,0.333333333333333,0,0,0,0.333333333333333,0.333333333333333,0,0.333333333333333,0,0,0,0,0
2025-09-07,"Banasa",0,0,2,1,2,0,2,3,0,0,1,0,1,0,0,0,0,0,0,0,"Resp",3000,3,1,3,9000,10,0.222222222222222,0.444444444444444,1,0.666666666666667,0.555555555555556,0.333333333333333,1,0.888888888888889,0,0,0.222222222222222,0.222222222222222,0.333333333333333,0,0.111111111111111,0,0,0,0,0,0,0,0.666666666666667,0.333333333333333,0.666666666666667,0,0.666666666666667,1,0,0,0.333333333333333,0,0.333333333333333,0,0,0,0,0,0,0
2025-09-14,"Banasa",2,2,4,4,2,1,4,4,0,0,1,1,1,0,0,0,0,0,0,0,"Resp",3000,4,1,3,9000,18,0.222222222222222,0.555555555555556,1.66666666666667,0.777777777777778,0.777777777777778,0.222222222222222,1.66666666666667,1.77777777777778,0,0,0.666666666666667,0.444444444444444,0.666666666666667,0.111111111111111,0,0,0.111111111111111,0,0.222222222222222,0,0.666666666666667,0.666666666666667,1.33333333333333,1.33333333333333,0.666666666666667,0.333333333333333,1.33333333333333,1.33333333333333,0,0,0.333333333333333,0.333333333333333,0.333333333333333,0,0,0,0,0,0,0
2025-09-21,"Banasa",0,3,9,2,3,1,9,9,0,0,4,3,4,1,0,0,1,0,2,0,"Resp",3000,11,1,3,9000,19,0.222222222222222,0.666666666666667,1.66666666666667,0.777777777777778,0.888888888888889,0.333333333333333,1.55555555555556,1.66666666666667,0,0,0.555555555555556,0.555555555555556,0.777777777777778,0.111111111111111,0,0,0.111111111111111,0,0.222222222222222,0,0,1,3,0.666666666666667,1,0.333333333333333,3,3,0,0,1.33333333333333,1,1.33333333333333,0.333333333333333,0,0,0.333333333333333,0,0.666666666666667,0
2025-09-28,"Banasa",0,1,2,1,3,1,1,2,0,0,0,1,2,0,0,0,0,0,0,0,"Resp",3000,4,1,3,8000,25,0.125,0.875,2.5,0.875,1.25,0.75,2.5,2.125,0,0,0.75,0.5,0.75,0.25,0,0,0.125,0,0.25,0,0,0.333333333333333,0.666666666666667,0.333333333333333,1,0.333333333333333,0.333333333333333,0.666666666666667,0,0,0,0.333333333333333,0.666666666666667,0,0,0,0,0,0,0
2025-10-05,"Banasa",1,3,9,4,4,4,10,6,0,0,2,0,0,1,0,0,0,0,0,0,"Resp",2000,10,1,3,7000,25,0.285714285714286,1.14285714285714,3.14285714285714,1.28571428571429,1.42857142857143,1,2.85714285714286,2,0,0,0.428571428571429,0.285714285714286,0.428571428571429,0.428571428571429,0.285714285714286,0,0.142857142857143,0,0,0,0.5,1.5,4.5,2,2,2,5,3,0,0,1,0,0,0.5,0,0,0,0,0,0
2025-10-12,"Banasa",1,4,11,4,3,2,9,6,0,0,1,1,1,2,2,0,1,0,0,0,"Resp",2000,11,1,3,6000,27,0.333333333333333,2,4.33333333333333,2.16666666666667,2.16666666666667,1.83333333333333,4.16666666666667,2.83333333333333,0,0,0.833333333333333,0.5,0.5,0.833333333333333,0.5,0,0.333333333333333,0,0,0,0.5,2,5.5,2,1.5,1,4.5,3,0,0,0.5,0.5,0.5,1,1,0,0.5,0,0,0
2025-10-19,"Banasa",0,5,6,5,6,5,6,5,0,0,2,2,2,2,1,0,1,0,0,0,"Resp",2000,6,1,3,6000,34,0.166666666666667,2.83333333333333,5.16666666666667,2.5,2.66666666666667,2.16666666666667,4.5,3.5,0.166666666666667,0.166666666666667,1,0.833333333333333,0.666666666666667,1,0.666666666666667,0,0.5,0,0,0,0,2.5,3,2.5,3,2.5,3,2.5,0,0,1,1,1,1,0.5,0,0.5,0,0,0
2025-10-26,"Banasa",0,8,14,6,7,6,12,10,1,1,3,2,1,2,1,0,1,0,0,0,"Resp",2000,17,1,3,6000,36,0,2.66666666666667,5.5,2.5,2.83333333333333,2.5,4.83333333333333,4,0.166666666666667,0.333333333333333,1,1,0.833333333333333,1,0.5,0,0.333333333333333,0,0,0,0,4,7,3,3.5,3,6,5,0.5,0.5,1.5,1,0.5,1,0.5,0,0.5,0,0,0
2025-11-02,"Banasa",0,3,13,4,4,4,11,9,0,1,1,2,2,2,1,0,0,0,0,0,"Resp",2000,13,1,3,6000,40,0.166666666666667,2.33333333333333,6.16666666666667,2.66666666666667,2.66666666666667,2.16666666666667,5.16666666666667,4.33333333333333,0.166666666666667,0.333333333333333,1.16666666666667,1.16666666666667,1,0.833333333333333,0.333333333333333,0,0.166666666666667,0,0,0,0,1.5,6.5,2,2,2,5.5,4.5,0,0.5,0.5,1,1,1,0.5,0,0,0,0,0
2025-11-09,"Banasa",1,3,10,6,5,3,8,7,0,0,3,3,3,1,0,0,0,0,0,0,"Resp",2000,10,1,3,6000,29,0.166666666666667,1.83333333333333,4.83333333333333,2.33333333333333,2.16666666666667,1.83333333333333,3.66666666666667,3.5,0,0.166666666666667,1,1.33333333333333,1.16666666666667,0.666666666666667,0.166666666666667,0,0,0,0,0,0.5,1.5,5,3,2.5,1.5,4,3.5,0,0,1.5,1.5,1.5,0.5,0,0,0,0,0,0
2025-11-16,"Banasa",0,5,6,4,4,4,3,5,0,0,2,3,2,1,0,0,0,0,0,0,"Resp",2000,6,1,3,6000,34,0.833333333333333,2.66666666666667,5.16666666666667,3.33333333333333,3.33333333333333,2.16666666666667,3.66666666666667,4.66666666666667,0.166666666666667,0.166666666666667,1.83333333333333,2,2,1.16666666666667,0.5,0.166666666666667,0.166666666666667,0.333333333333333,0.333333333333333,0,0,2.5,3,2,2,2,1.5,2.5,0,0,1,1.5,1,0.5,0,0,0,0,0,0
2025-11-23,"Banasa",4,8,15,10,11,6,11,16,1,1,6,6,7,5,3,1,1,2,2,0,"Resp",2000,18,1,3,6000,35,0.666666666666667,3,5.16666666666667,3.66666666666667,3.83333333333333,2.83333333333333,4,5,0.333333333333333,0.166666666666667,2.16666666666667,2.16666666666667,2,1.33333333333333,1,0.333333333333333,0.333333333333333,0.5,0.5,0,2,4,7.5,5,5.5,3,5.5,8,0.5,0.5,3,3,3.5,2.5,1.5,0.5,0.5,1,1,0
2025-11-30,"Banasa",0,5,10,8,8,7,10,9,1,0,5,4,3,2,3,1,1,1,1,0,"Resp",2000,11,1,3,6000,43,0.666666666666667,3,6.16666666666667,3.5,3.66666666666667,3,5.66666666666667,6,0.333333333333333,0.166666666666667,2.33333333333333,2,2,1.5,1,0.333333333333333,0.333333333333333,0.5,0.5,0,0,2.5,5,4,4,3.5,5,4.5,0.5,0,2.5,2,1.5,1,1.5,0.5,0.5,0.5,0.5,0
2025-12-07,"Banasa",0,5,12,3,3,5,13,11,0,0,3,2,2,2,0,0,0,0,0,0,"Resp",2000,14,1,3,6000,36,0,2.66666666666667,5.16666666666667,2.5,3,3,5.5,4.83333333333333,0.166666666666667,0,1.66666666666667,1.16666666666667,1,0.666666666666667,0.666666666666667,0.166666666666667,0.166666666666667,0.166666666666667,0.166666666666667,0,0,2.5,6,1.5,1.5,2.5,6.5,5.5,0,0,1.5,1,1,1,0,0,0,0,0,0
2025-12-14,"Banasa",0,6,9,4,7,6,10,9,0,0,2,1,1,0,1,0,0,0,0,0,"Resp",2000,11,1,3,6000,32,0,2.16666666666667,4.66666666666667,1.5,2.16666666666667,2.33333333333333,4.66666666666667,4.5,0,0,1.16666666666667,0.666666666666667,0.666666666666667,0.333333333333333,0.333333333333333,0,0,0,0,0,0,3,4.5,2,3.5,3,5,4.5,0,0,1,0.5,0.5,0,0.5,0,0,0,0,0
2025-12-21,"Banasa",0,2,7,2,3,3,5,7,0,0,2,1,1,0,1,0,0,0,0,0,"Resp",2000,7,1,3,6000,24,0.166666666666667,1.66666666666667,3.5,1.5,2.33333333333333,1.83333333333333,3.5,3.5,0,0,1.16666666666667,0.5,0.5,0.333333333333333,0.333333333333333,0,0,0,0,0,0,1,3.5,1,1.5,1.5,2.5,3.5,0,0,1,0.5,0.5,0,0.5,0,0,0,0,0
2025-12-28,"Banasa",1,2,5,3,4,2,6,5,0,0,3,1,1,2,0,0,0,0,0,0,"Resp",2000,6,1,3,6000,27,0.333333333333333,1.83333333333333,4,1.66666666666667,2.33333333333333,2,4.16666666666667,3.83333333333333,0,0.166666666666667,1.5,1.16666666666667,1,0.666666666666667,0.166666666666667,0,0.166666666666667,0,0,0,0.5,1,2.5,1.5,2,1,3,2.5,0,0,1.5,0.5,0.5,1,0,0,0,0,0,0
2026-01-04,"Banasa",1,7,12,5,7,7,14,11,0,1,4,5,4,2,0,0,1,0,0,0,"Resp",2000,14,1,3,6000,32,0.333333333333333,1.83333333333333,4.5,2.33333333333333,2,1.66666666666667,4.83333333333333,4.33333333333333,0,0.166666666666667,2.16666666666667,1,1,0.666666666666667,0,0,0.166666666666667,0,0,0,0.5,3.5,6,2.5,3.5,3.5,7,5.5,0,0.5,2,2.5,2,1,0,0,0.5,0,0,0
2026-01-11,"Banasa",0,2,10,6,1,1,9,10,0,0,6,0,1,0,0,0,0,0,0,0,"Resp",2000,12,1,3,6000,33,0.166666666666667,2,4.66666666666667,1.83333333333333,1.83333333333333,1.83333333333333,4.66666666666667,4.33333333333333,0,0.166666666666667,2.16666666666667,1,1,0.666666666666667,0,0,0.333333333333333,0,0,0,0,1,5,3,0.5,0.5,4.5,5,0,0,3,0,0.5,0,0,0,0,0,0,0
2026-01-18,"Banasa",0,3,6,0,3,3,5,5,0,0,3,1,1,2,0,0,1,0,0,0,"Resp",2000,7,1,3,6000,25,0,1.33333333333333,3.5,1.16666666666667,1,1,3,3.33333333333333,0,0,2.16666666666667,0.333333333333333,0.5,0.333333333333333,0,0,0.166666666666667,0,0,0,0,1.5,3,0,1.5,1.5,2.5,2.5,0,0,1.5,0.5,0.5,1,0,0,0.5,0,0,0
2026-01-25,"Banasa",0,3,5,1,2,2,4,5,0,0,4,1,1,0,0,0,0,0,0,0,"Resp",2000,6,1,3,6000,20,0.166666666666667,1.33333333333333,3,0.5,1.16666666666667,1.33333333333333,2.5,2.33333333333333,0,0,1.33333333333333,0.5,0.5,0.5,0.166666666666667,0,0.333333333333333,0,0,0,0,1.5,2.5,0.5,1,1,2,2.5,0,0,2,0.5,0.5,0,0,0,0,0,0,0
2026-02-01,"Banasa",1,2,7,2,2,3,6,4,0,0,1,1,1,1,1,0,1,0,0,0,"Resp",2000,7,1,3,6000,19,0.166666666666667,1,3,0.666666666666667,0.833333333333333,1,2.5,2.33333333333333,0,0,1,0.666666666666667,0.666666666666667,0.166666666666667,0.166666666666667,0,0.166666666666667,0,0,0,0.5,1,3.5,1,1,1.5,3,2,0,0,0.5,0.5,0.5,0.5,0.5,0,0.5,0,0,0
2026-02-08,"Banasa",0,1,6,1,1,1,5,5,0,0,1,2,2,0,0,0,0,0,0,0,"Resp",2000,6,1,3,6000,21,0.333333333333333,1.16666666666667,3.33333333333333,0.833333333333333,1.16666666666667,1.33333333333333,2.66666666666667,2.33333333333333,0,0.166666666666667,1,1,1,0.666666666666667,0.166666666666667,0,0.666666666666667,0,0,0,0,0.5,3,0.5,0.5,0.5,2.5,2.5,0,0,0.5,1,1,0,0,0,0,0,0,0
2026-02-15,"Banasa",1,4,7,2,4,4,5,5,0,1,4,3,3,3,0,0,3,0,0,0,"Resp",2000,8,1,3,6000,27,0.166666666666667,1.5,4.16666666666667,0.5,1.33333333333333,1.33333333333333,3.33333333333333,3.16666666666667,0,0.166666666666667,1.66666666666667,1.33333333333333,1.33333333333333,0.833333333333333,0.333333333333333,0,0.666666666666667,0,0,0,0.5,2,3.5,1,2,2,2.5,2.5,0,0.5,2,1.5,1.5,1.5,0,0,1.5,0,0,0
2026-02-22,"Banasa",0,4,12,0,3,3,10,9,0,0,5,3,3,2,2,0,1,0,0,0,"Resp",2000,13,1,3,6000,26,0.333333333333333,1.66666666666667,4,0.333333333333333,1.5,1.5,3.16666666666667,3,0,0.166666666666667,1.83333333333333,1.16666666666667,1.16666666666667,0.833333333333333,0.333333333333333,0,0.666666666666667,0,0,0,0,2,6,0,1.5,1.5,5,4.5,0,0,2.5,1.5,1.5,1,1,0,0.5,0,0,0
2026-03-01,"Banasa",1,2,5,0,2,2,4,4,0,0,2,1,1,0,0,0,0,0,0,0,"Resp",2000,5,1,3,6000,30,0.166666666666667,1.16666666666667,4.5,0,1.33333333333333,1,4.16666666666667,4.16666666666667,0,0,1.5,1,1,0.333333333333333,0.333333333333333,0,0.333333333333333,0,0,0,0.5,1,2.5,0,1,1,2,2,0,0,1,0.5,0.5,0,0,0,0,0,0,0
2026-03-08,"Banasa",0,1,10,0,3,1,11,12,0,0,2,2,2,0,0,0,1,0,0,0,"Resp",2000,12,1,3,6000,25,0.5,1.16666666666667,3.66666666666667,0.166666666666667,1.33333333333333,1,3.66666666666667,3.33333333333333,0,0,1.33333333333333,0.5,0.5,0.166666666666667,0,0,0.333333333333333,0,0,0,0,0.5,5,0,1.5,0.5,5.5,6,0,0,1,1,1,0,0,0,0.5,0,0,0
2026-03-15,"Banasa",2,4,7,1,3,3,7,4,0,0,4,0,0,1,0,0,1,0,0,0,"Resp",2000,8,1,3,6000,27,0.333333333333333,1,4,0.166666666666667,1.16666666666667,0.833333333333333,4,3.66666666666667,0,0,1.66666666666667,0.333333333333333,0.333333333333333,0.333333333333333,0,0,0.333333333333333,0,0,0,1,2,3.5,0.5,1.5,1.5,3.5,2,0,0,2,0,0,0.5,0,0,0.5,0,0,0
2026-03-22,"Banasa",0,1,7,0,1,1,6,6,0,0,4,0,0,1,0,0,0,0,0,0,"Resp",2000,7,1,3,6000,24,0.5,1.16666666666667,3.66666666666667,0.333333333333333,0.833333333333333,1,3.33333333333333,3.16666666666667,0.166666666666667,0,2.33333333333333,0.166666666666667,0.166666666666667,0.5,0,0,0.5,0,0,0,0,0.5,3.5,0,0.5,0.5,3,3,0,0,2,0,0,0.5,0,0,0,0,0,0
2026-03-29,"Banasa",1,2,8,1,1,2,7,9,1,0,6,1,1,1,0,0,2,0,0,0,"Resp",2000,9,1,3,7000,25,0.142857142857143,1.14285714285714,3.28571428571429,0.142857142857143,1,1,2.57142857142857,3.14285714285714,0.142857142857143,0,1.42857142857143,0.285714285714286,0.285714285714286,0.285714285714286,0,0,0.428571428571429,0,0,0,0.5,1,4,0.5,0.5,1,3.5,4.5,0.5,0,3,0.5,0.5,0.5,0,0,1,0,0,0
2026-04-05,"Banasa",0,5,8,0,5,4,5,7,0,0,0,1,1,0,0,0,1,0,0,0,"Resp",3000,9,1,3,8000,25,0.375,1.125,2.875,0.375,1.125,1.125,2.25,2.625,0.25,0,1.125,0.625,0.625,0.25,0.25,0,0.375,0,0,0,0,1.66666666666667,2.66666666666667,0,1.66666666666667,1.33333333333333,1.66666666666667,2.33333333333333,0,0,0,0.333333333333333,0.333333333333333,0,0,0,0.333333333333333,0,0,0
2026-04-19,"Banasa",2,2,7,2,3,3,6,5,1,0,3,3,3,1,2,0,0,0,0,0,"Resp",3000,7,1,3,9000,19,0.222222222222222,0.888888888888889,2,0.333333333333333,1,0.888888888888889,1.55555555555556,1.55555555555556,0.111111111111111,0,0.333333333333333,0.444444444444444,0.444444444444444,0.222222222222222,0.222222222222222,0,0.111111111111111,0,0,0,0.666666666666667,0.666666666666667,2.33333333333333,0.666666666666667,1,1,2,1.66666666666667,0.333333333333333,0,1,1,1,0.333333333333333,0.666666666666667,0,0,0,0,0
2026-04-26,"Banasa",0,1,3,1,1,1,3,2,0,0,0,0,0,1,0,0,0,0,0,0,"Resp",3000,3,1,3,9000,13,0.222222222222222,0.555555555555556,1.44444444444444,0.555555555555556,0.555555555555556,0.555555555555556,1.33333333333333,1.11111111111111,0.333333333333333,0,0.555555555555556,0.666666666666667,0.666666666666667,0.222222222222222,0.333333333333333,0,0,0,0,0,0,0.333333333333333,1,0.333333333333333,0.333333333333333,0.333333333333333,1,0.666666666666667,0,0,0,0,0,0.333333333333333,0,0,0,0,0,0
2026-05-03,"Banasa",0,2,3,2,1,1,3,3,2,0,2,3,3,0,1,0,0,0,0,0,"Resp",3000,3,1,3,9000,13,0,0.333333333333333,1.44444444444444,0.333333333333333,0.222222222222222,0.222222222222222,1.22222222222222,1,0.222222222222222,0,0.333333333333333,0.333333333333333,0.333333333333333,0.111111111111111,0.222222222222222,0,0,0,0,0,0,0.666666666666667,1,0.666666666666667,0.333333333333333,0.333333333333333,1,1,0.666666666666667,0,0.666666666666667,1,1,0,0.333333333333333,0,0,0,0,0
2026-05-10,"Banasa",0,0,7,0,0,0,5,4,0,0,1,0,0,0,1,0,0,0,0,0,"Resp",3000,7,1,3,9000,20,0,0.666666666666667,1.88888888888889,0.555555555555556,0.333333333333333,0.555555555555556,1.77777777777778,1.55555555555556,0.333333333333333,0,0.888888888888889,0.777777777777778,0.777777777777778,0.111111111111111,0.222222222222222,0,0,0,0,0,0,0,2.33333333333333,0,0,0,1.66666666666667,1.33333333333333,0,0,0.333333333333333,0,0,0,0.333333333333333,0,0,0,0,0
2026-05-17,"Banasa",0,4,7,3,2,4,8,7,1,0,5,4,4,1,0,0,0,0,0,0,"Resp",3000,10,1,3,9000,23,0,0.666666666666667,2.22222222222222,0.666666666666667,0.555555555555556,0.777777777777778,2.11111111111111,1.77777777777778,0.111111111111111,0,0.777777777777778,0.555555555555556,0.555555555555556,0.111111111111111,0.111111111111111,0,0,0,0,0,0,1.33333333333333,2.33333333333333,1,0.666666666666667,1.33333333333333,2.66666666666667,2.33333333333333,0.333333333333333,0,1.66666666666667,1.33333333333333,1.33333333333333,0.333333333333333,0,0,0,0,0,0
2026-05-24,"Banasa",0,2,6,3,3,3,6,5,0,0,1,1,1,0,0,0,0,0,0,0,"Resp",3000,6,1,3,9000,25,0.111111111111111,0.888888888888889,2.44444444444444,0.888888888888889,0.888888888888889,1.11111111111111,2.22222222222222,2.22222222222222,0.111111111111111,0,0.777777777777778,0.888888888888889,0.777777777777778,0.111111111111111,0.111111111111111,0,0,0,0,0,0,0.666666666666667,2,1,1,1,2,1.66666666666667,0,0,0.333333333333333,0.333333333333333,0.333333333333333,0,0,0,0,0,0,0
2026-05-31,"Banasa",1,2,9,2,3,3,6,8,0,0,1,3,2,0,1,0,0,0,0,0,"Resp",3000,9,1,3,9000,23,0.111111111111111,0.555555555555556,2.33333333333333,1,0.777777777777778,0.777777777777778,2.11111111111111,2.33333333333333,0.111111111111111,0,0.333333333333333,0.444444444444444,0.333333333333333,0,0.222222222222222,0,0,0,0,0,0.333333333333333,0.666666666666667,3,0.666666666666667,1,1,2,2.66666666666667,0,0,0.333333333333333,1,0.666666666666667,0,0.333333333333333,0,0,0,0,0
2026-06-07,"Banasa",0,1,6,4,1,1,7,8,1,0,1,0,0,0,1,0,0,0,0,0,"Resp",3000,8,1,3,9000,25,0.111111111111111,0.444444444444444,2.33333333333333,1.11111111111111,0.555555555555556,0.555555555555556,2.33333333333333,2.55555555555556,0.111111111111111,0,0.555555555555556,0.333333333333333,0.222222222222222,0,0.222222222222222,0,0.222222222222222,0,0,0,0,0.333333333333333,2,1.33333333333333,0.333333333333333,0.333333333333333,2.33333333333333,2.66666666666667,0.333333333333333,0,0.333333333333333,0,0,0,0.333333333333333,0,0,0,0,0
2026-06-14,"Banasa",0,1,6,4,1,1,8,7,0,0,3,0,0,0,0,0,2,0,0,0,"Resp",3000,8,1,3,9000,26,0,0.666666666666667,1.88888888888889,1.44444444444444,0.666666666666667,0.666666666666667,2.55555555555556,2.44444444444444,0.333333333333333,0,0.888888888888889,0.333333333333333,0.333333333333333,0,0.111111111111111,0,0.333333333333333,0,0,0,0,0.333333333333333,2,1.33333333333333,0.333333333333333,0.333333333333333,2.66666666666667,2.33333333333333,0,0,1,0,0,0,0,0,0.666666666666667,0,0,0
2026-06-21,"Banasa",0,4,5,5,4,4,8,7,2,0,4,3,3,0,0,0,1,0,0,0,"Resp",3000,10,1,3,9000,27,0.333333333333333,1.11111111111111,1.77777777777778,1.44444444444444,1.11111111111111,1.11111111111111,2.44444444444444,2.22222222222222,0.444444444444444,0,1.22222222222222,0.555555555555556,0.444444444444444,0.111111111111111,0.111111111111111,0,0.333333333333333,0,0,0,0,1.33333333333333,1.66666666666667,1.66666666666667,1.33333333333333,1.33333333333333,2.66666666666667,2.33333333333333,0.666666666666667,0,1.33333333333333,1,1,0,0,0,0.333333333333333,0,0,0
2026-06-28,"Banasa",3,5,5,4,5,5,6,6,2,0,4,2,1,1,1,0,0,0,0,0,"Resp",3000,9,1,3,9000,24,0.333333333333333,1.11111111111111,1.44444444444444,1.11111111111111,1.11111111111111,1.11111111111111,2.11111111111111,1.88888888888889,0.444444444444444,0,0.888888888888889,0.666666666666667,0.555555555555556,0.111111111111111,0.222222222222222,0,0.111111111111111,0,0,0,1,1.66666666666667,1.66666666666667,1.33333333333333,1.66666666666667,1.66666666666667,2,2,0.666666666666667,0,1.33333333333333,0.666666666666667,0.333333333333333,0.333333333333333,0.333333333333333,0,0,0,0,0
2026-07-05,"Banasa",0,1,3,1,1,1,5,4,0,0,0,1,1,0,1,0,0,0,0,0,"Resp",3000,5,1,3,9000,27,0.333333333333333,0.888888888888889,2.22222222222222,1.11111111111111,1,1,2.66666666666667,2.22222222222222,0.222222222222222,0,0.777777777777778,0.555555555555556,0.444444444444444,0.111111111111111,0.222222222222222,0,0.111111111111111,0,0,0,0,0.333333333333333,1,0.333333333333333,0.333333333333333,0.333333333333333,1.66666666666667,1.33333333333333,0,0,0,0.333333333333333,0.333333333333333,0,0.333333333333333,0,0,0,0,0
2026-07-12,"Banasa",0,2,12,5,3,3,13,10,0,0,3,2,2,0,0,0,1,0,0,0,"Resp",3000,13,1,3,9000,33,0,0.333333333333333,3.11111111111111,1.22222222222222,0.555555555555556,0.555555555555556,3.22222222222222,3,0,0,0.555555555555556,0.444444444444444,0.444444444444444,0,0.222222222222222,0,0.111111111111111,0,0,0,0,0.666666666666667,4,1.66666666666667,1,1,4.33333333333333,3.33333333333333,0,0,1,0.666666666666667,0.666666666666667,0,0,0,0.333333333333333,0,0,0
2026-07-19,"Banasa",0,0,13,5,1,1,11,13,0,0,2,1,1,0,1,0,0,0,0,0,"Resp",3000,15,1,3,9000,35,0,0.444444444444444,3.44444444444444,1.33333333333333,0.666666666666667,0.666666666666667,3.11111111111111,3.11111111111111,0,0,0.666666666666667,0.333333333333333,0.333333333333333,0.111111111111111,0.111111111111111,0,0.111111111111111,0,0,0,0,0,4.33333333333333,1.66666666666667,0.333333333333333,0.333333333333333,3.66666666666667,4.33333333333333,0,0,0.666666666666667,0.333333333333333,0.333333333333333,0,0.333333333333333,0,0,0,0,0
2026-07-26,"Banasa",0,2,6,2,2,2,4,5,0,0,1,0,0,1,0,0,0,0,0,0,"Resp",3000,7,1,3,9000,27,0,0.222222222222222,2.55555555555556,0.888888888888889,0.444444444444444,0.444444444444444,1.88888888888889,2.44444444444444,0,0,0.444444444444444,0.111111111111111,0.111111111111111,0.111111111111111,0.111111111111111,0,0,0,0,0,0,0.666666666666667,2,0.666666666666667,0.666666666666667,0.666666666666667,1.33333333333333,1.66666666666667,0,0,0.333333333333333,0,0,0.333333333333333,0,0,0,0,0,0
2026-08-02,"Banasa",0,0,4,1,1,1,2,4,0,0,1,0,0,0,0,0,0,0,0,0,"Resp",3000,5,1,3,9000,16,0,0.444444444444444,1.33333333333333,0.555555555555556,0.444444444444444,0.444444444444444,0.888888888888889,1.33333333333333,0,0,0.333333333333333,0,0,0.111111111111111,0.111111111111111,0,0,0,0,0,0,0,1.33333333333333,0.333333333333333,0.333333333333333,0.333333333333333,0.666666666666667,1.33333333333333,0,0,0.333333333333333,0,0,0,0,0,0,0,0,0
2026-08-09,"Banasa",0,2,2,2,1,1,2,3,0,0,1,0,0,0,1,0,0,0,0,0,"Resp",3000,4,1,3,9000,17,0.111111111111111,0.333333333333333,1.55555555555556,0.666666666666667,0.333333333333333,0.333333333333333,1.22222222222222,1.55555555555556,0,0,0.444444444444444,0,0,0,0.111111111111111,0,0,0,0,0,0,0.666666666666667,0.666666666666667,0.666666666666667,0.333333333333333,0.333333333333333,0.666666666666667,1,0,0,0.333333333333333,0,0,0,0.333333333333333,0,0,0,0,0
2026-08-16,"Banasa",1,1,8,3,1,1,7,7,0,0,2,0,0,0,0,0,0,0,0,0,"Resp",3000,8,1,3,9000,21,0.111111111111111,0.444444444444444,1.77777777777778,0.888888888888889,0.444444444444444,0.444444444444444,1.88888888888889,2.11111111111111,0,0,0.444444444444444,0.111111111111111,0.111111111111111,0.111111111111111,0.222222222222222,0,0,0.111111111111111,0,0,0.333333333333333,0.333333333333333,2.66666666666667,1,0.333333333333333,0.333333333333333,2.33333333333333,2.33333333333333,0,0,0.666666666666667,0,0,0,0,0,0,0,0,0
2026-08-23,"Banasa",0,1,6,3,2,2,8,9,0,0,1,1,1,1,1,0,0,1,0,0,"Resp",3000,9,1,3,9000,22,0.111111111111111,0.444444444444444,1.88888888888889,0.888888888888889,0.555555555555556,0.555555555555556,2.11111111111111,2.22222222222222,0,0,0.444444444444444,0.222222222222222,0.222222222222222,0.111111111111111,0.222222222222222,0,0,0.111111111111111,0,0,0,0.333333333333333,2,1,0.666666666666667,0.666666666666667,2.66666666666667,3,0,0,0.333333333333333,0.333333333333333,0.333333333333333,0.333333333333333,0.333333333333333,0,0,0.333333333333333,0,0
2026-08-30,"Banasa",0,2,3,2,2,2,4,4,0,0,1,1,1,0,1,0,0,0,0,0,"Resp",3000,5,1,3,9000,26,0,0.888888888888889,2,1.33333333333333,1,1,2.44444444444444,2.44444444444444,0,0,0.666666666666667,0.444444444444444,0.444444444444444,0.333333333333333,0.333333333333333,0,0,0.111111111111111,0,0,0,0.666666666666667,1,0.666666666666667,0.666666666666667,0.666666666666667,1.33333333333333,1.33333333333333,0,0,0.333333333333333,0.333333333333333,0.333333333333333,0,0.333333333333333,0,0,0,0,0
2026-09-06,"Banasa",0,5,9,7,5,5,10,9,0,0,4,2,2,2,1,0,0,0,0,0,"Resp",3000,12,1,3,9000,19,0,0.777777777777778,1.55555555555556,1.11111111111111,0.777777777777778,0.777777777777778,1.66666666666667,1.66666666666667,0,0,0.555555555555556,0.333333333333333,0.333333333333333,0.222222222222222,0.222222222222222,0,0,0,0,0,0,1.66666666666667,3,2.33333333333333,1.66666666666667,1.66666666666667,3.33333333333333,3,0,0,1.33333333333333,0.666666666666667,0.666666666666667,0.666666666666667,0.333333333333333,0,0,0,0,0
2026-09-13,"Banasa",0,0,2,1,0,0,1,2,0,0,0,0,0,0,0,0,0,0,0,0,"Resp",3000,2,1,NA,NA,NA,NA,NA,NA,NA,NA,NA,NA,NA,NA,NA,NA,NA,NA,NA,NA,NA,NA,NA,NA,NA,0,0,0.666666666666667,0.333333333333333,0,0,0.333333333333333,0.666666666666667,0,0,0,0,0,0,0,0,0,0,0,0
2025-06-22,"Pantaleon",2,5,8,4,9,8,9,8,0,0,4,0,1,0,0,0,1,0,0,0,"Resp",5000,11,1,NA,NA,NA,NA,NA,NA,NA,NA,NA,NA,NA,NA,NA,NA,NA,NA,NA,NA,NA,NA,NA,NA,NA,0.4,1,1.6,0.8,1.8,1.6,1.8,1.6,0,0,0.8,0,0.2,0,0,0,0.2,0,0,0
2025-06-29,"Pantaleon",2,3,5,4,4,5,6,6,0,0,2,0,0,0,0,0,1,0,0,0,"Resp",5000,6,1,3,15000,28,0.4,1.06666666666667,1.4,1,1.46666666666667,1.4,1.6,1.33333333333333,0,0,0.6,0,0.2,0,0,0,0.2,0.0666666666666667,0,0,0.4,0.6,1,0.8,0.8,1,1.2,1.2,0,0,0.4,0,0,0,0,0,0.2,0,0,0
2025-07-06,"Pantaleon",2,8,8,7,9,8,9,6,0,0,3,0,2,0,0,0,1,1,0,0,"Resp",5000,11,1,3,15000,21,0.266666666666667,0.866666666666667,1.06666666666667,0.933333333333333,1,1.06666666666667,1.2,1.06666666666667,0,0,0.4,0.0666666666666667,0.133333333333333,0.0666666666666667,0.0666666666666667,0,0.133333333333333,0.0666666666666667,0.0666666666666667,0,0.4,1.6,1.6,1.4,1.8,1.6,1.8,1.2,0,0,0.6,0,0.4,0,0,0,0.2,0.2,0,0
2025-07-13,"Pantaleon",0,2,3,3,2,3,3,4,0,0,1,1,0,1,1,0,0,0,1,0,"Resp",5000,4,1,3,15000,20,0.133333333333333,1,1.06666666666667,1,1.06666666666667,1.06666666666667,1.13333333333333,0.933333333333333,0,0,0.333333333333333,0.133333333333333,0.2,0.0666666666666667,0.2,0,0.0666666666666667,0.0666666666666667,0.2,0,0,0.4,0.6,0.6,0.4,0.6,0.6,0.8,0,0,0.2,0.2,0,0.2,0.2,0,0,0,0.2,0
2025-07-20,"Pantaleon",0,5,5,5,5,5,5,4,0,0,1,1,1,0,2,0,0,0,2,0,"Resp",5000,5,1,3,15000,12,0,0.533333333333333,0.666666666666667,0.666666666666667,0.666666666666667,0.733333333333333,0.733333333333333,0.666666666666667,0,0,0.2,0.133333333333333,0.0666666666666667,0.0666666666666667,0.2,0,0,0,0.2,0,0,1,1,1,1,1,1,0.8,0,0,0.2,0.2,0.2,0,0.4,0,0,0,0.4,0
2025-07-27,"Pantaleon",0,1,2,2,3,3,3,2,0,0,1,0,0,0,0,0,0,0,0,0,"Resp",5000,3,1,3,15000,12,0.0666666666666667,0.666666666666667,0.6,0.733333333333333,0.733333333333333,0.8,0.666666666666667,0.533333333333333,0,0,0.2,0.266666666666667,0.0666666666666667,0.0666666666666667,0.133333333333333,0,0,0,0.133333333333333,0,0,0.2,0.4,0.4,0.6,0.6,0.6,0.4,0,0,0.2,0,0,0,0,0,0,0,0,0
2025-08-03,"Pantaleon",1,4,2,4,3,4,2,2,0,0,1,3,0,1,0,0,0,0,0,0,"Resp",5000,4,1,3,15000,13,0.0666666666666667,0.666666666666667,0.666666666666667,0.8,0.666666666666667,0.666666666666667,0.733333333333333,0.533333333333333,0,0.0666666666666667,0.4,0.266666666666667,0,0.333333333333333,0.0666666666666667,0,0,0,0,0,0.2,0.8,0.4,0.8,0.6,0.8,0.4,0.4,0,0,0.2,0.6,0,0.2,0,0,0,0,0,0
2025-08-10,"Pantaleon",0,5,6,6,4,3,6,4,0,1,4,1,0,4,1,0,0,0,0,0,"Resp",5000,6,1,3,15000,17,0.0666666666666667,0.866666666666667,1,1,0.733333333333333,0.8,0.866666666666667,0.733333333333333,0,0.2,0.6,0.4,0.133333333333333,0.533333333333333,0.0666666666666667,0,0,0,0,0,0,1,1.2,1.2,0.8,0.6,1.2,0.8,0,0.2,0.8,0.2,0,0.8,0.2,0,0,0,0,0
2025-08-17,"Pantaleon",0,4,7,5,4,5,5,5,0,2,4,2,2,3,0,0,0,0,0,0,"Resp",5000,7,1,3,15000,18,0.0666666666666667,0.866666666666667,1,1.06666666666667,0.666666666666667,0.8,1,0.866666666666667,0,0.333333333333333,0.733333333333333,0.333333333333333,0.2,0.533333333333333,0.133333333333333,0,0,0,0.0666666666666667,0,0,0.8,1.4,1,0.8,1,1,1,0,0.4,0.8,0.4,0.4,0.6,0,0,0,0,0,0
2025-08-24,"Pantaleon",1,4,2,5,2,4,4,4,0,2,3,2,1,1,1,0,0,0,1,0,"Resp",5000,5,1,3,15000,15,0.133333333333333,0.533333333333333,0.733333333333333,0.866666666666667,0.466666666666667,0.733333333333333,0.733333333333333,0.8,0,0.266666666666667,0.533333333333333,0.266666666666667,0.266666666666667,0.266666666666667,0.133333333333333,0,0,0,0.0666666666666667,0,0.2,0.8,0.4,1,0.4,0.8,0.8,0.8,0,0.4,0.6,0.4,0.2,0.2,0.2,0,0,0,0.2,0
2025-08-31,"Pantaleon",1,0,2,3,1,2,2,3,0,0,1,0,1,0,1,0,0,0,0,0,"Resp",5000,3,1,3,15000,9,0.2,0.333333333333333,0.266666666666667,0.6,0.266666666666667,0.466666666666667,0.4,0.533333333333333,0,0.133333333333333,0.333333333333333,0.2,0.2,0.0666666666666667,0.133333333333333,0,0,0,0.0666666666666667,0,0.2,0,0.4,0.6,0.2,0.4,0.4,0.6,0,0,0.2,0,0.2,0,0.2,0,0,0,0,0
2025-09-07,"Pantaleon",1,1,0,1,1,1,0,1,0,0,1,1,1,0,0,0,0,0,0,0,"Resp",5000,1,1,3,15000,10,0.2,0.266666666666667,0.333333333333333,0.6,0.466666666666667,0.4,0.4,0.666666666666667,0,0.2,0.266666666666667,0.133333333333333,0.2,0.0666666666666667,0.0666666666666667,0,0,0,0.133333333333333,0,0.2,0.2,0,0.2,0.2,0.2,0,0.2,0,0,0.2,0.2,0.2,0,0,0,0,0,0,0
2025-09-14,"Pantaleon",1,3,3,5,5,3,4,6,0,3,2,1,1,1,0,0,0,0,2,0,"Resp",5000,6,1,3,15000,15,0.2,0.533333333333333,0.6,0.733333333333333,0.6,0.6,0.8,0.933333333333333,0,0.6,0.466666666666667,0.266666666666667,0.2,0.2,0.133333333333333,0,0.2,0,0.266666666666667,0,0.2,0.6,0.6,1,1,0.6,0.8,1.2,0,0.6,0.4,0.2,0.2,0.2,0,0,0,0,0.4,0
2025-09-21,"Pantaleon",1,4,6,5,3,5,8,7,0,6,4,2,1,2,2,0,3,0,2,0,"Resp",5000,8,1,3,15000,24,0.2,0.933333333333333,1.2,1.2,1.13333333333333,1.13333333333333,1.46666666666667,1.53333333333333,0.133333333333333,1.13333333333333,0.8,0.533333333333333,0.466666666666667,0.4,0.266666666666667,0,0.333333333333333,0,0.333333333333333,0,0.2,0.8,1.2,1,0.6,1,1.6,1.4,0,1.2,0.8,0.4,0.2,0.4,0.4,0,0.6,0,0.4,0
2025-09-28,"Pantaleon",1,7,9,8,9,9,10,10,2,8,6,5,5,3,2,0,2,0,1,0,"Resp",5000,10,1,3,15000,31,0.266666666666667,1.26666666666667,1.8,1.6,1.26666666666667,1.6,1.93333333333333,2,0.133333333333333,1.33333333333333,1,0.466666666666667,0.533333333333333,0.466666666666667,0.466666666666667,0,0.4,0,0.333333333333333,0,0.2,1.4,1.8,1.6,1.8,1.8,2,2,0.4,1.6,1.2,1,1,0.6,0.4,0,0.4,0,0.2,0
2025-10-05,"Pantaleon",2,8,12,11,7,10,11,13,0,6,5,0,2,2,3,0,1,0,2,0,"Resp",5000,13,1,3,15000,31,0.266666666666667,1.2,1.66666666666667,1.6,1.46666666666667,1.6,1.86666666666667,1.86666666666667,0.2,1.26666666666667,0.933333333333333,0.4,0.533333333333333,0.4,0.466666666666667,0,0.2,0,0.266666666666667,0,0.4,1.6,2.4,2.2,1.4,2,2.2,2.6,0,1.2,1,0,0.4,0.4,0.6,0,0.2,0,0.4,0
2025-10-12,"Pantaleon",1,3,4,5,6,5,7,5,1,5,3,1,1,1,2,0,0,0,1,0,"Resp",5000,8,1,3,15000,25,0.2,0.933333333333333,1.33333333333333,1.33333333333333,1.13333333333333,1.2,1.46666666666667,1.4,0.133333333333333,1,0.6,0.0666666666666667,0.2,0.2,0.4,0,0.0666666666666667,0,0.2,0,0.2,0.6,0.8,1,1.2,1,1.4,1,0.2,1,0.6,0.2,0.2,0.2,0.4,0,0,0,0.2,0
2025-10-19,"Pantaleon",0,3,4,4,4,3,4,3,1,4,1,0,0,0,1,0,0,0,0,0,"Resp",5000,4,1,3,15000,16,0.133333333333333,0.466666666666667,0.666666666666667,0.866666666666667,0.933333333333333,0.666666666666667,0.866666666666667,0.8,0.2,0.666666666666667,0.4,0.0666666666666667,0.133333333333333,0.0666666666666667,0.2,0,0,0,0.0666666666666667,0,0,0.6,0.8,0.8,0.8,0.6,0.8,0.6,0.2,0.8,0.2,0,0,0,0.2,0,0,0,0,0
2025-10-26,"Pantaleon",1,1,2,4,4,2,2,4,1,1,2,0,1,0,0,0,0,0,0,0,"Resp",5000,4,1,3,17000,13,0.0588235294117647,0.470588235294118,0.529411764705882,0.764705882352941,0.705882352941177,0.529411764705882,0.647058823529412,0.647058823529412,0.176470588235294,0.529411764705882,0.411764705882353,0.176470588235294,0.176470588235294,0.117647058823529,0.235294117647059,0,0,0,0,0,0.2,0.2,0.4,0.8,0.8,0.4,0.4,0.8,0.2,0.2,0.4,0,0.2,0,0,0,0,0,0,0
2025-11-02,"Pantaleon",0,4,3,5,4,4,5,4,1,4,4,3,2,2,3,0,0,0,0,0,"Resp",7000,5,1,3,19000,13,0.0526315789473684,0.368421052631579,0.421052631578947,0.578947368421053,0.526315789473684,0.368421052631579,0.578947368421053,0.631578947368421,0.105263157894737,0.368421052631579,0.421052631578947,0.157894736842105,0.210526315789474,0.157894736842105,0.157894736842105,0,0,0,0,0,0,0.571428571428571,0.428571428571429,0.714285714285714,0.571428571428571,0.571428571428571,0.714285714285714,0.571428571428571,0.142857142857143,0.571428571428571,0.571428571428571,0.428571428571429,0.285714285714286,0.285714285714286,0.428571428571429,0,0,0,0,0
2025-11-09,"Pantaleon",0,2,3,2,2,1,4,4,0,2,2,0,1,1,0,0,0,0,0,0,"Resp",7000,4,1,3,21000,12,0.0476190476190476,0.380952380952381,0.333333333333333,0.428571428571429,0.428571428571429,0.333333333333333,0.523809523809524,0.476190476190476,0.0476190476190476,0.285714285714286,0.285714285714286,0.142857142857143,0.142857142857143,0.142857142857143,0.19047619047619,0,0,0,0,0,0,0.285714285714286,0.428571428571429,0.285714285714286,0.285714285714286,0.142857142857143,0.571428571428571,0.571428571428571,0,0.285714285714286,0.285714285714286,0,0.142857142857143,0.142857142857143,0,0,0,0,0,0
2025-11-16,"Pantaleon",1,2,1,2,3,2,2,2,0,0,0,0,0,0,1,0,0,0,0,0,"Resp",7000,3,1,3,21000,15,0.142857142857143,0.523809523809524,0.571428571428571,0.523809523809524,0.476190476190476,0.285714285714286,0.619047619047619,0.571428571428571,0.0476190476190476,0.333333333333333,0.19047619047619,0.0476190476190476,0.0952380952380952,0.238095238095238,0.0476190476190476,0,0,0,0,0,0.142857142857143,0.285714285714286,0.142857142857143,0.285714285714286,0.428571428571429,0.285714285714286,0.285714285714286,0.285714285714286,0,0,0,0,0,0,0.142857142857143,0,0,0,0,0
2025-11-30,"Pantaleon",2,7,8,7,5,3,7,6,1,5,2,1,1,4,0,0,0,0,0,0,"Resp",7000,8,1,3,21000,14,0.142857142857143,0.476190476190476,0.523809523809524,0.571428571428571,0.523809523809524,0.285714285714286,0.571428571428571,0.523809523809524,0.0476190476190476,0.333333333333333,0.19047619047619,0.0952380952380952,0.0476190476190476,0.19047619047619,0.0476190476190476,0,0,0,0,0,0.285714285714286,1,1.14285714285714,1,0.714285714285714,0.428571428571429,1,0.857142857142857,0.142857142857143,0.714285714285714,0.285714285714286,0.142857142857143,0.142857142857143,0.571428571428571,0,0,0,0,0,0
2025-12-07,"Pantaleon",0,1,2,3,3,1,3,3,0,2,2,1,0,0,0,0,0,0,0,0,"Resp",7000,3,1,3,21000,18,0.142857142857143,0.523809523809524,0.80952380952381,0.714285714285714,0.571428571428571,0.380952380952381,0.761904761904762,0.714285714285714,0.0476190476190476,0.476190476190476,0.285714285714286,0.285714285714286,0.0952380952380952,0.285714285714286,0.0476190476190476,0,0,0,0,0,0,0.142857142857143,0.285714285714286,0.428571428571429,0.428571428571429,0.142857142857143,0.428571428571429,0.428571428571429,0,0.285714285714286,0.285714285714286,0.142857142857143,0,0,0,0,0,0,0,0
2025-12-14,"Pantaleon",1,3,7,5,4,4,6,6,0,3,2,4,1,2,1,0,0,0,0,0,"Resp",7000,7,1,3,21000,16,0.0952380952380952,0.285714285714286,0.619047619047619,0.619047619047619,0.571428571428571,0.428571428571429,0.619047619047619,0.619047619047619,0,0.333333333333333,0.285714285714286,0.333333333333333,0.0476190476190476,0.142857142857143,0.0952380952380952,0,0,0,0,0,0.142857142857143,0.428571428571429,1,0.714285714285714,0.571428571428571,0.571428571428571,0.857142857142857,0.857142857142857,0,0.428571428571429,0.285714285714286,0.571428571428571,0.142857142857143,0.285714285714286,0.142857142857143,0,0,0,0,0
2025-12-21,"Pantaleon",1,2,4,5,5,4,4,4,0,2,2,2,0,1,1,0,0,0,0,0,"Resp",7000,6,1,3,21000,21,0.142857142857143,0.285714285714286,0.857142857142857,0.857142857142857,0.761904761904762,0.523809523809524,0.761904761904762,0.857142857142857,0,0.476190476190476,0.333333333333333,0.333333333333333,0.142857142857143,0.380952380952381,0.19047619047619,0,0,0,0,0,0.142857142857143,0.285714285714286,0.571428571428571,0.714285714285714,0.714285714285714,0.571428571428571,0.571428571428571,0.571428571428571,0,0.285714285714286,0.285714285714286,0.285714285714286,0,0.142857142857143,0.142857142857143,0,0,0,0,0
2025-12-28,"Pantaleon",1,1,7,8,7,3,6,8,0,5,3,1,2,5,2,0,0,0,0,0,"Resp",7000,8,1,3,21000,20,0.142857142857143,0.238095238095238,0.761904761904762,0.857142857142857,0.761904761904762,0.476190476190476,0.761904761904762,0.80952380952381,0.0476190476190476,0.523809523809524,0.380952380952381,0.19047619047619,0.0952380952380952,0.333333333333333,0.19047619047619,0,0.0476190476190476,0,0.0476190476190476,0,0.142857142857143,0.142857142857143,1,1.14285714285714,1,0.428571428571429,0.857142857142857,1.14285714285714,0,0.714285714285714,0.428571428571429,0.142857142857143,0.285714285714286,0.714285714285714,0.285714285714286,0,0,0,0,0
2026-01-04,"Pantaleon",1,2,5,5,4,3,6,5,1,4,3,1,0,1,1,0,1,0,1,0,"Resp",7000,6,1,3,21000,21,0.142857142857143,0.238095238095238,0.857142857142857,0.952380952380952,0.666666666666667,0.428571428571429,0.904761904761905,0.904761904761905,0.0476190476190476,0.571428571428571,0.476190476190476,0.238095238095238,0.19047619047619,0.333333333333333,0.142857142857143,0,0.0476190476190476,0,0.0476190476190476,0,0.142857142857143,0.285714285714286,0.714285714285714,0.714285714285714,0.571428571428571,0.428571428571429,0.857142857142857,0.714285714285714,0.142857142857143,0.571428571428571,0.428571428571429,0.142857142857143,0,0.142857142857143,0.142857142857143,0,0.142857142857143,0,0.142857142857143,0
2026-01-11,"Pantaleon",1,2,6,7,3,3,7,6,0,3,4,3,2,1,0,0,0,0,0,0,"Resp",7000,7,1,3,21000,18,0.142857142857143,0.19047619047619,0.666666666666667,0.761904761904762,0.333333333333333,0.285714285714286,0.80952380952381,0.714285714285714,0.0476190476190476,0.333333333333333,0.428571428571429,0.19047619047619,0.0952380952380952,0.142857142857143,0.0476190476190476,0,0.0476190476190476,0,0.0476190476190476,0,0.142857142857143,0.285714285714286,0.857142857142857,1,0.428571428571429,0.428571428571429,1,0.857142857142857,0,0.428571428571429,0.571428571428571,0.428571428571429,0.285714285714286,0.142857142857143,0,0,0,0,0,0
2026-01-18,"Pantaleon",1,0,3,4,0,0,4,4,0,0,2,0,0,1,0,0,0,0,0,0,"Resp",7000,5,1,3,21000,24,0.0952380952380952,0.238095238095238,0.952380952380952,0.857142857142857,0.285714285714286,0.285714285714286,1.0952380952381,1,0,0.285714285714286,0.523809523809524,0.19047619047619,0.19047619047619,0.238095238095238,0,0,0.0476190476190476,0,0,0,0.142857142857143,0,0.428571428571429,0.571428571428571,0,0,0.571428571428571,0.571428571428571,0,0,0.285714285714286,0,0,0.142857142857143,0,0,0,0,0,0
2026-01-25,"Pantaleon",0,3,11,7,3,3,12,11,0,3,5,1,2,3,0,0,1,0,0,0,"Resp",7000,12,1,3,21000,22,0.0476190476190476,0.238095238095238,0.904761904761905,0.714285714285714,0.19047619047619,0.238095238095238,1,0.952380952380952,0,0.380952380952381,0.523809523809524,0.142857142857143,0.238095238095238,0.238095238095238,0.0476190476190476,0,0.0952380952380952,0,0,0,0,0.428571428571429,1.57142857142857,1,0.428571428571429,0.428571428571429,1.71428571428571,1.57142857142857,0,0.428571428571429,0.714285714285714,0.142857142857143,0.285714285714286,0.428571428571429,0,0,0.142857142857143,0,0,0
2026-02-01,"Pantaleon",0,2,5,4,1,2,5,5,0,5,4,2,3,1,1,0,1,0,0,0,"Resp",7000,5,1,3,21000,29,0.0476190476190476,0.380952380952381,1.28571428571429,0.904761904761905,0.285714285714286,0.380952380952381,1.23809523809524,1.33333333333333,0,0.761904761904762,0.80952380952381,0.285714285714286,0.428571428571429,0.238095238095238,0.0952380952380952,0,0.19047619047619,0,0,0,0,0.285714285714286,0.714285714285714,0.571428571428571,0.142857142857143,0.285714285714286,0.714285714285714,0.714285714285714,0,0.714285714285714,0.571428571428571,0.285714285714286,0.428571428571429,0.142857142857143,0.142857142857143,0,0.142857142857143,0,0,0
2026-02-08,"Pantaleon",1,3,11,8,2,3,9,12,0,8,8,3,4,1,1,0,2,0,0,0,"Resp",7000,12,1,3,21000,27,0.0952380952380952,0.333333333333333,1.0952380952381,0.666666666666667,0.19047619047619,0.333333333333333,1.0952380952381,1.14285714285714,0.0476190476190476,0.952380952380952,0.761904761904762,0.380952380952381,0.380952380952381,0.142857142857143,0.0952380952380952,0,0.285714285714286,0,0,0,0.142857142857143,0.428571428571429,1.57142857142857,1.14285714285714,0.285714285714286,0.428571428571429,1.28571428571429,1.71428571428571,0,1.14285714285714,1.14285714285714,0.428571428571429,0.571428571428571,0.142857142857143,0.142857142857143,0,0.285714285714286,0,0,0
2026-02-15,"Pantaleon",1,2,7,2,1,2,9,7,1,7,4,3,1,1,0,0,3,0,0,0,"Resp",7000,10,1,3,21000,32,0.238095238095238,0.619047619047619,1.33333333333333,0.904761904761905,0.523809523809524,0.619047619047619,1.33333333333333,1.38095238095238,0.238095238095238,0.904761904761905,0.904761904761905,0.428571428571429,0.380952380952381,0.142857142857143,0.0952380952380952,0,0.333333333333333,0,0,0,0.142857142857143,0.285714285714286,1,0.285714285714286,0.142857142857143,0.285714285714286,1.28571428571429,1,0.142857142857143,1,0.571428571428571,0.428571428571429,0.142857142857143,0.142857142857143,0,0,0.428571428571429,0,0,0
2026-02-22,"Pantaleon",3,8,10,9,8,8,10,10,4,4,7,3,3,1,1,0,2,0,0,0,"Resp",7000,10,1,3,21000,31,0.285714285714286,0.619047619047619,1.33333333333333,0.714285714285714,0.523809523809524,0.571428571428571,1.42857142857143,1.38095238095238,0.238095238095238,1.04761904761905,0.952380952380952,0.476190476190476,0.380952380952381,0.142857142857143,0.0952380952380952,0,0.380952380952381,0,0,0,0.428571428571429,1.14285714285714,1.42857142857143,1.28571428571429,1.14285714285714,1.14285714285714,1.42857142857143,1.42857142857143,0.571428571428571,0.571428571428571,1,0.428571428571429,0.428571428571429,0.142857142857143,0.142857142857143,0,0.285714285714286,0,0,0
2026-03-01,"Pantaleon",2,3,11,4,2,2,11,12,0,11,9,4,4,1,1,0,3,0,0,0,"Resp",7000,11,1,3,21000,34,0.333333333333333,0.761904761904762,1.57142857142857,0.952380952380952,0.714285714285714,0.666666666666667,1.57142857142857,1.61904761904762,0.285714285714286,1.19047619047619,1.23809523809524,0.380952380952381,0.476190476190476,0.142857142857143,0.19047619047619,0,0.571428571428571,0,0,0,0.285714285714286,0.428571428571429,1.57142857142857,0.571428571428571,0.285714285714286,0.285714285714286,1.57142857142857,1.71428571428571,0,1.57142857142857,1.28571428571429,0.571428571428571,0.571428571428571,0.142857142857143,0.142857142857143,0,0.428571428571429,0,0,0
2026-03-08,"Pantaleon",2,5,12,7,5,4,12,12,2,10,10,1,3,1,2,0,7,0,0,0,"Resp",7000,13,1,3,21000,34,0.19047619047619,0.619047619047619,1.47619047619048,0.857142857142857,0.571428571428571,0.523809523809524,1.57142857142857,1.61904761904762,0.0952380952380952,1.38095238095238,1.14285714285714,0.333333333333333,0.428571428571429,0.0952380952380952,0.238095238095238,0,0.523809523809524,0,0,0,0.285714285714286,0.714285714285714,1.71428571428571,1,0.714285714285714,0.571428571428571,1.71428571428571,1.71428571428571,0.285714285714286,1.42857142857143,1.42857142857143,0.142857142857143,0.428571428571429,0.142857142857143,0.285714285714286,0,1,0,0,0
2026-03-15,"Pantaleon",0,5,8,7,5,5,10,10,0,8,5,2,2,0,2,0,1,0,0,0,"Resp",7000,10,1,3,21000,31,0.0952380952380952,0.571428571428571,1.33333333333333,1,0.523809523809524,0.523809523809524,1.28571428571429,1.42857142857143,0.19047619047619,1.0952380952381,0.952380952380952,0.238095238095238,0.380952380952381,0.142857142857143,0.238095238095238,0,0.476190476190476,0,0,0,0,0.714285714285714,1.14285714285714,1,0.714285714285714,0.714285714285714,1.42857142857143,1.42857142857143,0,1.14285714285714,0.714285714285714,0.285714285714286,0.285714285714286,0,0.285714285714286,0,0.142857142857143,0,0,0
2026-03-22,"Pantaleon",0,2,8,7,1,2,5,8,2,5,5,2,3,2,1,0,2,0,0,0,"Resp",7000,8,1,3,21000,20,0,0.333333333333333,0.857142857142857,0.761904761904762,0.285714285714286,0.333333333333333,0.80952380952381,0.952380952380952,0.0952380952380952,0.714285714285714,0.571428571428571,0.19047619047619,0.238095238095238,0.142857142857143,0.142857142857143,0,0.142857142857143,0,0,0,0,0.285714285714286,1.14285714285714,1,0.142857142857143,0.285714285714286,0.714285714285714,1.14285714285714,0.285714285714286,0.714285714285714,0.714285714285714,0.285714285714286,0.428571428571429,0.285714285714286,0.142857142857143,0,0.285714285714286,0,0,0
2026-03-29,"Pantaleon",0,0,2,2,0,0,2,2,0,2,2,0,0,1,0,0,0,0,0,0,"Resp",7000,2,1,3,21000,16,0.0476190476190476,0.19047619047619,0.761904761904762,0.666666666666667,0.142857142857143,0.19047619047619,0.571428571428571,0.761904761904762,0.142857142857143,0.523809523809524,0.476190476190476,0.285714285714286,0.333333333333333,0.285714285714286,0.0476190476190476,0,0.19047619047619,0,0,0,0,0,0.285714285714286,0.285714285714286,0,0,0.285714285714286,0.285714285714286,0,0.285714285714286,0.285714285714286,0,0,0.142857142857143,0,0,0,0,0,0
2026-04-05,"Pantaleon",1,2,6,5,2,2,5,6,1,4,3,4,4,3,0,0,2,0,0,0,"Resp",7000,6,1,3,21000,9,0.0952380952380952,0.142857142857143,0.380952380952381,0.380952380952381,0.142857142857143,0.142857142857143,0.333333333333333,0.428571428571429,0.0476190476190476,0.285714285714286,0.238095238095238,0.19047619047619,0.19047619047619,0.19047619047619,0,0,0.0952380952380952,0,0,0,0.142857142857143,0.285714285714286,0.857142857142857,0.714285714285714,0.285714285714286,0.285714285714286,0.714285714285714,0.857142857142857,0.142857142857143,0.571428571428571,0.428571428571429,0.571428571428571,0.571428571428571,0.428571428571429,0,0,0.285714285714286,0,0,0
2026-04-12,"Pantaleon",1,1,0,1,1,1,0,1,0,0,0,0,0,0,0,0,0,0,0,0,"Resp",7000,1,1,3,21000,11,0.0952380952380952,0.238095238095238,0.476190476190476,0.428571428571429,0.285714285714286,0.285714285714286,0.428571428571429,0.476190476190476,0.0476190476190476,0.333333333333333,0.238095238095238,0.19047619047619,0.19047619047619,0.19047619047619,0,0,0.142857142857143,0,0,0,0.142857142857143,0.142857142857143,0,0.142857142857143,0.142857142857143,0.142857142857143,0,0.142857142857143,0,0,0,0,0,0,0,0,0,0,0,0
2026-04-19,"Pantaleon",0,2,4,3,3,3,4,3,0,3,2,0,0,1,0,0,1,0,0,0,"Resp",7000,4,1,3,21000,9,0.0476190476190476,0.285714285714286,0.476190476190476,0.285714285714286,0.333333333333333,0.333333333333333,0.333333333333333,0.380952380952381,0,0.285714285714286,0.0952380952380952,0,0,0.0952380952380952,0.0476190476190476,0,0.0476190476190476,0,0,0,0,0.285714285714286,0.571428571428571,0.428571428571429,0.428571428571429,0.428571428571429,0.571428571428571,0.428571428571429,0,0.428571428571429,0.285714285714286,0,0,0.142857142857143,0,0,0.142857142857143,0,0,0
2026-04-26,"Pantaleon",0,3,6,2,3,3,3,4,0,3,0,0,0,1,1,0,0,0,0,0,"Resp",7000,4,1,3,21000,21,0.142857142857143,0.523809523809524,0.80952380952381,0.714285714285714,0.571428571428571,0.571428571428571,0.714285714285714,0.714285714285714,0.0476190476190476,0.619047619047619,0.333333333333333,0.19047619047619,0.19047619047619,0.285714285714286,0.19047619047619,0,0.19047619047619,0,0,0,0,0.428571428571429,0.857142857142857,0.285714285714286,0.428571428571429,0.428571428571429,0.428571428571429,0.571428571428571,0,0.428571428571429,0,0,0,0.142857142857143,0.142857142857143,0,0,0,0,0
2026-05-03,"Pantaleon",3,6,7,10,6,6,8,8,1,7,5,4,4,4,3,0,3,0,0,0,"Resp",7000,13,1,3,21000,31,0.285714285714286,0.761904761904762,1.19047619047619,1.0952380952381,0.857142857142857,0.857142857142857,1.19047619047619,1.0952380952381,0.0952380952380952,0.904761904761905,0.571428571428571,0.428571428571429,0.19047619047619,0.285714285714286,0.238095238095238,0,0.333333333333333,0,0,0,0.428571428571429,0.857142857142857,1,1.42857142857143,0.857142857142857,0.857142857142857,1.14285714285714,1.14285714285714,0.142857142857143,1,0.714285714285714,0.571428571428571,0.571428571428571,0.571428571428571,0.428571428571429,0,0.428571428571429,0,0,0
2026-05-10,"Pantaleon",3,7,12,11,9,9,14,11,1,9,7,5,0,1,1,0,4,0,0,0,"Resp",7000,14,1,3,21000,28,0.285714285714286,0.666666666666667,0.952380952380952,1.04761904761905,0.761904761904762,0.714285714285714,1.0952380952381,0.952380952380952,0.142857142857143,0.761904761904762,0.619047619047619,0.428571428571429,0.19047619047619,0.238095238095238,0.19047619047619,0,0.380952380952381,0,0,0,0.428571428571429,1,1.71428571428571,1.57142857142857,1.28571428571429,1.28571428571429,2,1.57142857142857,0.142857142857143,1.28571428571429,1,0.714285714285714,0,0.142857142857143,0.142857142857143,0,0.571428571428571,0,0,0
2026-05-17,"Pantaleon",0,1,1,1,1,0,1,1,1,0,1,0,0,0,0,0,1,0,0,0,"Resp",7000,1,1,3,21000,25,0.285714285714286,0.666666666666667,0.952380952380952,0.857142857142857,0.714285714285714,0.714285714285714,1.04761904761905,1,0.0952380952380952,0.571428571428571,0.571428571428571,0.428571428571429,0.0952380952380952,0.19047619047619,0.238095238095238,0,0.333333333333333,0,0,0,0,0.142857142857143,0.142857142857143,0.142857142857143,0.142857142857143,0,0.142857142857143,0.142857142857143,0.142857142857143,0,0.142857142857143,0,0,0,0,0,0.142857142857143,0,0,0
2026-05-24,"Pantaleon",3,6,7,6,5,6,7,9,0,3,4,4,2,3,4,0,2,0,0,0,"Resp",7000,10,1,3,21000,17,0.142857142857143,0.380952380952381,0.571428571428571,0.571428571428571,0.333333333333333,0.333333333333333,0.666666666666667,0.714285714285714,0.0476190476190476,0.285714285714286,0.238095238095238,0.238095238095238,0.142857142857143,0.19047619047619,0.19047619047619,0,0.19047619047619,0,0,0,0.428571428571429,0.857142857142857,1,0.857142857142857,0.714285714285714,0.857142857142857,1,1.28571428571429,0,0.428571428571429,0.571428571428571,0.571428571428571,0.285714285714286,0.428571428571429,0.571428571428571,0,0.285714285714286,0,0,0
2026-05-31,"Pantaleon",0,1,4,5,1,1,6,5,0,3,0,1,1,1,0,0,1,0,0,0,"Resp",7000,6,1,3,19000,26,0.157894736842105,0.473684210526316,0.947368421052632,1.05263157894737,0.368421052631579,0.473684210526316,1.15789473684211,1.21052631578947,0.105263157894737,0.473684210526316,0.368421052631579,0.31578947368421,0.210526315789474,0.263157894736842,0.210526315789474,0,0.31578947368421,0,0,0,0,0.142857142857143,0.571428571428571,0.714285714285714,0.142857142857143,0.142857142857143,0.857142857142857,0.714285714285714,0,0.428571428571429,0,0.142857142857143,0.142857142857143,0.142857142857143,0,0,0.142857142857143,0,0,0
2026-06-07,"Pantaleon",0,2,7,9,1,2,9,9,2,3,3,1,1,1,0,0,3,0,0,0,"Resp",5000,10,1,3,17000,23,0.117647058823529,0.588235294117647,0.823529411764706,1.23529411764706,0.529411764705882,0.529411764705882,1.11764705882353,1,0.294117647058824,0.529411764705882,0.411764705882353,0.352941176470588,0.176470588235294,0.176470588235294,0.0588235294117647,0,0.411764705882353,0,0,0,0,0.4,1.4,1.8,0.2,0.4,1.8,1.8,0.4,0.6,0.6,0.2,0.2,0.2,0,0,0.6,0,0,0
2026-06-14,"Pantaleon",2,7,3,7,7,6,4,3,3,3,4,4,1,1,1,0,3,0,0,0,"Resp",5000,7,1,3,15000,37,0.333333333333333,1.2,1.6,2.06666666666667,1.13333333333333,1.13333333333333,1.86666666666667,1.8,0.466666666666667,0.933333333333333,1.33333333333333,0.6,0.6,0.533333333333333,0.133333333333333,0,1,0,0,0,0.4,1.4,0.6,1.4,1.4,1.2,0.8,0.6,0.6,0.6,0.8,0.8,0.2,0.2,0.2,0,0.6,0,0,0
2026-06-21,"Pantaleon",3,9,14,15,9,9,15,15,2,8,13,4,7,6,1,0,9,0,0,0,"Resp",5000,20,1,3,15000,31,0.466666666666667,1.2,1.33333333333333,1.66666666666667,1.2,1.13333333333333,1.4,1.4,0.333333333333333,0.8,1.33333333333333,0.6,0.6,0.466666666666667,0.133333333333333,0,0.866666666666667,0,0,0,0.6,1.8,2.8,3,1.8,1.8,3,3,0.4,1.6,2.6,0.8,1.4,1.2,0.2,0,1.8,0,0,0
2026-06-28,"Pantaleon",2,2,3,3,2,2,2,3,0,1,3,1,1,0,0,0,1,0,0,0,"Resp",5000,4,1,3,15000,27,0.4,0.933333333333333,1.13333333333333,1.4,0.933333333333333,0.933333333333333,1.26666666666667,1.2,0.266666666666667,0.666666666666667,1.06666666666667,0.4,0.533333333333333,0.466666666666667,0.0666666666666667,0,0.666666666666667,0,0,0,0.4,0.4,0.6,0.6,0.4,0.4,0.4,0.6,0,0.2,0.6,0.2,0.2,0,0,0,0.2,0,0,0
2026-07-12,"Pantaleon",1,3,0,3,3,3,2,0,2,1,0,1,0,1,0,0,0,0,0,0,"Resp",5000,3,1,3,15000,17,0.266666666666667,0.733333333333333,0.733333333333333,1.06666666666667,0.733333333333333,0.666666666666667,0.733333333333333,0.733333333333333,0.333333333333333,0.6,0.666666666666667,0.333333333333333,0.266666666666667,0.133333333333333,0.0666666666666667,0,0.266666666666667,0,0,0,0.2,0.6,0,0.6,0.6,0.6,0.4,0,0.4,0.2,0,0.2,0,0.2,0,0,0,0,0,0
2026-07-19,"Pantaleon",1,6,8,10,6,5,7,8,3,7,7,3,3,1,1,0,3,0,0,0,"Resp",5000,10,1,3,15000,18,0.266666666666667,0.8,0.666666666666667,1.2,0.8,0.733333333333333,0.733333333333333,0.666666666666667,0.466666666666667,0.6,0.6,0.333333333333333,0.266666666666667,0.2,0.133333333333333,0,0.2,0,0,0,0.2,1.2,1.6,2,1.2,1,1.4,1.6,0.6,1.4,1.4,0.6,0.6,0.2,0.2,0,0.6,0,0,0
2026-07-26,"Pantaleon",2,3,2,5,3,3,2,2,2,1,2,1,1,1,1,0,0,0,0,0,"Resp",5000,5,1,3,15000,19,0.266666666666667,0.666666666666667,0.8,1.26666666666667,0.666666666666667,0.6,0.866666666666667,0.8,0.333333333333333,0.733333333333333,0.666666666666667,0.266666666666667,0.266666666666667,0.133333333333333,0.133333333333333,0,0.333333333333333,0,0,0,0.4,0.6,0.4,1,0.6,0.6,0.4,0.4,0.4,0.2,0.4,0.2,0.2,0.2,0.2,0,0,0,0,0
2026-08-02,"Pantaleon",1,1,2,4,1,1,4,2,0,3,1,0,0,0,0,0,2,0,0,0,"Resp",5000,4,1,3,15000,23,0.333333333333333,0.8,0.866666666666667,1.46666666666667,0.8,0.733333333333333,1.06666666666667,0.866666666666667,0.466666666666667,0.8,0.6,0.133333333333333,0.4,0.266666666666667,0.266666666666667,0,0.4,0,0,0,0.2,0.2,0.4,0.8,0.2,0.2,0.8,0.4,0,0.6,0.2,0,0,0,0,0,0.4,0,0,0
2026-08-09,"Pantaleon",2,8,9,13,8,7,10,9,5,8,6,1,5,3,3,0,4,0,0,0,"Resp",5000,14,1,3,15000,33,0.333333333333333,1.2,1.6,1.86666666666667,1.06666666666667,1.06666666666667,1.6,1.4,0.533333333333333,0.933333333333333,0.933333333333333,0.2,0.4,0.266666666666667,0.266666666666667,0,0.6,0,0,0,0.4,1.6,1.8,2.6,1.6,1.4,2,1.8,1,1.6,1.2,0.2,1,0.6,0.6,0,0.8,0,0,0
2026-08-16,"Pantaleon",2,9,13,11,7,8,10,10,3,3,7,2,1,1,1,0,3,0,0,0,"Resp",5000,15,1,3,15000,39,0.4,1.26666666666667,2.06666666666667,2.2,1,1.13333333333333,2,1.86666666666667,0.533333333333333,1.13333333333333,1,0.533333333333333,0.466666666666667,0.533333333333333,0.333333333333333,0,0.666666666666667,0,0,0,0.4,1.8,2.6,2.2,1.4,1.6,2,2,0.6,0.6,1.4,0.4,0.2,0.2,0.2,0,0.6,0,0,0
2026-08-23,"Pantaleon",2,2,9,9,0,2,10,9,0,6,2,5,1,4,1,0,3,0,0,0,"Resp",5000,10,1,3,15000,29,0.4,0.866666666666667,1.66666666666667,1.46666666666667,0.6,0.8,1.53333333333333,1.46666666666667,0.266666666666667,0.8,0.733333333333333,0.533333333333333,0.2,0.4,0.2,0,0.466666666666667,0,0,0,0.4,0.4,1.8,1.8,0,0.4,2,1.8,0,1.2,0.4,1,0.2,0.8,0.2,0,0.6,0,0,0
2026-08-30,"Pantaleon",2,2,3,2,2,2,3,3,1,3,2,1,1,1,1,0,1,0,0,0,"Resp",5000,4,1,3,15000,18,0.333333333333333,0.4,1.06666666666667,0.866666666666667,0.266666666666667,0.333333333333333,1.06666666666667,1.06666666666667,0.133333333333333,0.8,0.333333333333333,0.4,0.133333333333333,0.4,0.133333333333333,0,0.333333333333333,0,0,0,0.4,0.4,0.6,0.4,0.4,0.4,0.6,0.6,0.2,0.6,0.4,0.2,0.2,0.2,0.2,0,0.2,0,0,0
2026-09-06,"Pantaleon",1,2,4,2,2,1,3,4,1,3,1,0,0,1,0,0,1,0,0,0,"Resp",5000,4,1,3,15000,9,0.2,0.266666666666667,0.533333333333333,0.333333333333333,0.266666666666667,0.2,0.466666666666667,0.533333333333333,0.133333333333333,0.4,0.266666666666667,0.0666666666666667,0.0666666666666667,0.133333333333333,0.0666666666666667,0,0.2,0,0,0,0.2,0.4,0.8,0.4,0.4,0.2,0.6,0.8,0.2,0.6,0.2,0,0,0.2,0,0,0.2,0,0,0
2026-09-13,"Pantaleon",0,0,1,1,0,0,1,1,0,0,1,0,0,0,0,0,1,0,0,0,"Resp",5000,1,1,NA,NA,NA,NA,NA,NA,NA,NA,NA,NA,NA,NA,NA,NA,NA,NA,NA,NA,NA,NA,NA,NA,NA,0,0,0.2,0.2,0,0,0.2,0.2,0,0,0.2,0,0,0,0,0,0.2,0,0,0
2025-06-15,"Overall",1,6,7,3,2,3,2,3,0,0,4,0,1,0,0,0,0,0,0,0,"Resp",3000,9,1,NA,NA,NA,NA,NA,NA,NA,NA,NA,NA,NA,NA,NA,NA,NA,NA,NA,NA,NA,NA,NA,NA,NA,0.333333333333333,2,2.33333333333333,1,0.666666666666667,1,0.666666666666667,1,0,0,1.33333333333333,0,0.333333333333333,0,0,0,0,0,0,0
2025-06-22,"Overall",2,9,19,9,15,14,21,18,0,0,6,0,4,0,0,0,1,0,0,3,"Resp",8000,25,2,5,19000,52,0.368421052631579,1.05263157894737,2.10526315789474,1,1.10526315789474,1.26315789473684,2.05263157894737,1.89473684210526,0,0,0.789473684210526,0,0.421052631578947,0,0,0,0.105263157894737,0,0,0.157894736842105,0.25,1.125,2.375,1.125,1.875,1.75,2.625,2.25,0,0,0.75,0,0.5,0,0,0,0.125,0,0,0.375
2025-06-29,"Overall",4,5,14,7,4,7,16,15,0,0,5,0,3,0,0,0,1,0,0,0,"Resp",8000,18,2,6,24000,59,0.375,1.04166666666667,1.83333333333333,1,1.20833333333333,1.20833333333333,2.08333333333333,1.66666666666667,0,0,0.625,0,0.416666666666667,0,0,0,0.125,0.0416666666666667,0,0.125,0.5,0.625,1.75,0.875,0.5,0.875,2,1.875,0,0,0.625,0,0.375,0,0,0,0.125,0,0,0
2025-07-06,"Overall",3,11,11,8,10,8,13,7,0,0,4,0,3,0,0,0,1,1,0,0,"Resp",8000,16,2,6,24000,43,0.333333333333333,0.833333333333333,1.375,0.833333333333333,0.708333333333333,0.791666666666667,1.5,1.25,0,0,0.458333333333333,0.0833333333333333,0.291666666666667,0.0833333333333333,0.0833333333333333,0,0.0833333333333333,0.0416666666666667,0.0416666666666667,0,0.375,1.375,1.375,1,1.25,1,1.625,0.875,0,0,0.5,0,0.375,0,0,0,0.125,0.125,0,0
2025-07-13,"Overall",1,4,8,5,3,4,7,8,0,0,2,2,1,2,2,0,0,0,1,0,"Resp",8000,9,2,6,24000,35,0.166666666666667,0.916666666666667,1.125,0.791666666666667,0.75,0.708333333333333,1.25,0.833333333333333,0,0,0.291666666666667,0.125,0.208333333333333,0.0833333333333333,0.166666666666667,0,0.0416666666666667,0.0416666666666667,0.125,0,0.125,0.5,1,0.625,0.375,0.5,0.875,1,0,0,0.25,0.25,0.125,0.25,0.25,0,0,0,0.125,0
2025-07-20,"Overall",0,7,8,6,5,5,10,5,0,0,1,1,1,0,2,0,0,0,2,0,"Resp",8000,10,2,6,24000,24,0.0416666666666667,0.541666666666667,0.791666666666667,0.583333333333333,0.5,0.541666666666667,0.916666666666667,0.666666666666667,0,0,0.166666666666667,0.125,0.0833333333333333,0.0833333333333333,0.166666666666667,0,0,0,0.125,0,0,0.875,1,0.75,0.625,0.625,1.25,0.625,0,0,0.125,0.125,0.125,0,0.25,0,0,0,0.25,0
2025-07-27,"Overall",0,2,3,3,4,4,5,3,0,0,1,0,0,0,0,0,0,0,0,0,"Resp",8000,5,2,6,24000,22,0.0416666666666667,0.541666666666667,0.625,0.541666666666667,0.5,0.541666666666667,0.833333333333333,0.458333333333333,0,0,0.125,0.166666666666667,0.0833333333333333,0.0416666666666667,0.0833333333333333,0,0,0,0.0833333333333333,0,0,0.25,0.375,0.375,0.5,0.5,0.625,0.375,0,0,0.125,0,0,0,0,0,0,0,0,0
2025-08-03,"Overall",1,4,4,4,3,4,5,3,0,0,1,3,1,1,0,0,0,0,0,0,"Resp",8000,7,2,6,24000,22,0.0416666666666667,0.458333333333333,0.666666666666667,0.583333333333333,0.5,0.458333333333333,0.791666666666667,0.583333333333333,0,0.0416666666666667,0.291666666666667,0.208333333333333,0.0833333333333333,0.208333333333333,0.0416666666666667,0,0,0,0,0,0.125,0.5,0.5,0.5,0.375,0.5,0.625,0.375,0,0,0.125,0.375,0.125,0.125,0,0,0,0,0,0
2025-08-10,"Overall",0,5,9,7,5,3,9,8,0,1,5,2,1,4,1,0,0,0,0,0,"Resp",8000,10,2,6,24000,29,0.0833333333333333,0.583333333333333,0.958333333333333,0.708333333333333,0.583333333333333,0.541666666666667,0.958333333333333,0.75,0,0.125,0.458333333333333,0.291666666666667,0.166666666666667,0.333333333333333,0.0416666666666667,0,0,0,0,0,0,0.625,1.125,0.875,0.625,0.375,1.125,1,0,0.125,0.625,0.25,0.125,0.5,0.125,0,0,0,0,0
2025-08-17,"Overall",1,5,10,6,6,6,9,7,0,2,5,2,2,3,0,0,0,0,0,0,"Resp",8000,12,2,6,24000,38,0.0833333333333333,0.666666666666667,1.16666666666667,0.791666666666667,0.666666666666667,0.625,1.29166666666667,1.125,0,0.208333333333333,0.583333333333333,0.333333333333333,0.25,0.375,0.125,0,0.0416666666666667,0,0.0416666666666667,0,0.125,0.625,1.25,0.75,0.75,0.75,1.125,0.875,0,0.25,0.625,0.25,0.25,0.375,0,0,0,0,0,0
2025-08-24,"Overall",1,6,9,6,5,6,13,12,0,2,4,4,3,2,2,0,1,0,1,0,"Resp",8000,16,2,6,24000,34,0.125,0.541666666666667,1,0.666666666666667,0.541666666666667,0.666666666666667,1.125,0.958333333333333,0,0.166666666666667,0.416666666666667,0.291666666666667,0.291666666666667,0.208333333333333,0.166666666666667,0,0.0416666666666667,0,0.0416666666666667,0,0.125,0.75,1.125,0.75,0.625,0.75,1.625,1.5,0,0.25,0.5,0.5,0.375,0.25,0.25,0,0.125,0,0.125,0
2025-08-31,"Overall",1,2,5,4,2,4,5,4,0,0,1,1,2,0,2,0,0,0,0,0,"Resp",8000,6,2,6,24000,26,0.125,0.375,0.666666666666667,0.5,0.416666666666667,0.458333333333333,0.833333333333333,0.833333333333333,0,0.0833333333333333,0.291666666666667,0.25,0.291666666666667,0.0833333333333333,0.166666666666667,0,0.0416666666666667,0,0.0416666666666667,0,0.125,0.25,0.625,0.5,0.25,0.5,0.625,0.5,0,0,0.125,0.125,0.25,0,0.25,0,0,0,0,0
2025-09-07,"Overall",1,1,2,2,3,1,2,4,0,0,2,1,2,0,0,0,0,0,0,0,"Resp",8000,4,2,6,24000,20,0.208333333333333,0.333333333333333,0.583333333333333,0.625,0.5,0.375,0.625,0.75,0,0.125,0.25,0.166666666666667,0.25,0.0416666666666667,0.0833333333333333,0,0,0,0.0833333333333333,0,0.125,0.125,0.25,0.25,0.375,0.125,0.25,0.5,0,0,0.25,0.125,0.25,0,0,0,0,0,0,0
2025-09-14,"Overall",3,5,7,9,7,4,8,10,0,3,3,2,2,1,0,0,0,0,2,0,"Resp",8000,10,2,6,24000,33,0.208333333333333,0.541666666666667,1,0.75,0.666666666666667,0.458333333333333,1.125,1.25,0,0.375,0.541666666666667,0.333333333333333,0.375,0.166666666666667,0.0833333333333333,0,0.166666666666667,0,0.25,0,0.375,0.625,0.875,1.125,0.875,0.5,1,1.25,0,0.375,0.375,0.25,0.25,0.125,0,0,0,0,0.25,0
2025-09-21,"Overall",1,7,15,7,6,6,17,16,0,6,8,5,5,3,2,0,4,0,4,0,"Resp",8000,19,2,6,24000,43,0.208333333333333,0.833333333333333,1.375,1.04166666666667,1.04166666666667,0.833333333333333,1.5,1.58333333333333,0.0833333333333333,0.708333333333333,0.708333333333333,0.541666666666667,0.583333333333333,0.291666666666667,0.166666666666667,0,0.25,0,0.291666666666667,0,0.125,0.875,1.875,0.875,0.75,0.75,2.125,2,0,0.75,1,0.625,0.625,0.375,0.25,0,0.5,0,0.5,0
2025-09-28,"Overall",1,8,11,9,12,10,11,12,2,8,6,6,7,3,2,0,2,0,1,0,"Resp",8000,14,2,6,23000,56,0.217391304347826,1.1304347826087,2.04347826086957,1.34782608695652,1.26086956521739,1.30434782608696,2.1304347826087,2.04347826086957,0.0869565217391304,0.869565217391304,0.91304347826087,0.478260869565217,0.608695652173913,0.391304347826087,0.304347826086957,0,0.304347826086957,0,0.304347826086957,0,0.125,1,1.375,1.125,1.5,1.25,1.375,1.5,0.25,1,0.75,0.75,0.875,0.375,0.25,0,0.25,0,0.125,0
2025-10-05,"Overall",3,11,21,15,11,14,21,19,0,6,7,0,2,3,3,0,1,0,2,0,"Resp",7000,23,2,6,22000,56,0.272727272727273,1.18181818181818,2.13636363636364,1.5,1.45454545454545,1.40909090909091,2.18181818181818,1.90909090909091,0.136363636363636,0.863636363636364,0.772727272727273,0.363636363636364,0.5,0.409090909090909,0.409090909090909,0,0.181818181818182,0,0.181818181818182,0,0.428571428571429,1.57142857142857,3,2.14285714285714,1.57142857142857,2,3,2.71428571428571,0,0.857142857142857,1,0,0.285714285714286,0.428571428571429,0.428571428571429,0,0.142857142857143,0,0.285714285714286,0
2025-10-12,"Overall",2,7,15,9,9,7,16,11,1,5,4,2,2,3,4,0,1,0,1,0,"Resp",7000,19,2,6,21000,52,0.238095238095238,1.23809523809524,2.19047619047619,1.57142857142857,1.42857142857143,1.38095238095238,2.23809523809524,1.80952380952381,0.0952380952380952,0.714285714285714,0.666666666666667,0.19047619047619,0.285714285714286,0.380952380952381,0.428571428571429,0,0.142857142857143,0,0.142857142857143,0,0.285714285714286,1,2.14285714285714,1.28571428571429,1.28571428571429,1,2.28571428571429,1.57142857142857,0.142857142857143,0.714285714285714,0.571428571428571,0.285714285714286,0.285714285714286,0.428571428571429,0.571428571428571,0,0.142857142857143,0,0.142857142857143,0
2025-10-19,"Overall",0,8,10,9,10,8,10,8,1,4,3,2,2,2,2,0,1,0,0,0,"Resp",7000,10,2,6,21000,50,0.142857142857143,1.14285714285714,1.95238095238095,1.33333333333333,1.42857142857143,1.0952380952381,1.9047619047619,1.57142857142857,0.19047619047619,0.523809523809524,0.571428571428571,0.285714285714286,0.285714285714286,0.333333333333333,0.333333333333333,0,0.142857142857143,0,0.0476190476190476,0,0,1.14285714285714,1.42857142857143,1.28571428571429,1.42857142857143,1.14285714285714,1.42857142857143,1.14285714285714,0.142857142857143,0.571428571428571,0.428571428571429,0.285714285714286,0.285714285714286,0.285714285714286,0.285714285714286,0,0.142857142857143,0,0,0
2025-10-26,"Overall",1,9,16,10,11,8,14,14,2,2,5,2,2,2,1,0,1,0,0,0,"Resp",7000,21,2,6,23000,49,0.0434782608695652,1.04347826086957,1.82608695652174,1.21739130434783,1.26086956521739,1.04347826086957,1.73913043478261,1.52173913043478,0.173913043478261,0.478260869565217,0.565217391304348,0.391304347826087,0.347826086956522,0.347826086956522,0.304347826086957,0,0.0869565217391304,0,0,0,0.142857142857143,1.28571428571429,2.28571428571429,1.42857142857143,1.57142857142857,1.14285714285714,2,2,0.285714285714286,0.285714285714286,0.714285714285714,0.285714285714286,0.285714285714286,0.285714285714286,0.142857142857143,0,0.142857142857143,0,0,0
2025-11-02,"Overall",0,7,16,9,8,8,16,13,1,5,5,5,4,4,4,0,0,0,0,0,"Resp",9000,18,2,6,25000,53,0.08,0.84,1.8,1.08,1.04,0.8,1.68,1.52,0.12,0.36,0.6,0.4,0.4,0.32,0.2,0,0.04,0,0,0,0,0.777777777777778,1.77777777777778,1,0.888888888888889,0.888888888888889,1.77777777777778,1.44444444444444,0.111111111111111,0.555555555555556,0.555555555555556,0.555555555555556,0.444444444444444,0.444444444444444,0.444444444444444,0,0,0,0,0
2025-11-09,"Overall",1,5,13,8,7,4,12,11,0,2,5,3,4,2,0,0,0,0,0,0,"Resp",9000,14,2,6,27000,41,0.0740740740740741,0.703703703703704,1.33333333333333,0.851851851851852,0.814814814814815,0.666666666666667,1.22222222222222,1.14814814814815,0.037037037037037,0.259259259259259,0.444444444444444,0.407407407407407,0.37037037037037,0.259259259259259,0.185185185185185,0,0,0,0,0,0.111111111111111,0.555555555555556,1.44444444444444,0.888888888888889,0.777777777777778,0.444444444444444,1.33333333333333,1.22222222222222,0,0.222222222222222,0.555555555555556,0.333333333333333,0.444444444444444,0.222222222222222,0,0,0,0,0,0
2025-11-16,"Overall",1,7,7,6,7,6,5,7,0,0,2,3,2,1,1,0,0,0,0,0,"Resp",9000,9,2,5,20000,41,0.3,1,1.75,1.2,1.25,0.8,1.4,1.7,0.05,0.15,0.65,0.6,0.65,0.4,0.2,0.05,0.05,0.1,0.1,0,0.111111111111111,0.777777777777778,0.777777777777778,0.666666666666667,0.777777777777778,0.666666666666667,0.555555555555556,0.777777777777778,0,0,0.222222222222222,0.333333333333333,0.222222222222222,0.111111111111111,0.111111111111111,0,0,0,0,0
2025-11-23,"Overall",4,8,15,10,11,6,11,16,1,1,6,6,7,5,3,1,1,2,2,0,"Resp",2000,18,1,5,20000,46,0.35,1.35,2,1.55,1.55,1.1,1.65,1.9,0.15,0.3,0.75,0.7,0.65,0.6,0.35,0.1,0.1,0.15,0.15,0,2,4,7.5,5,5.5,3,5.5,8,0.5,0.5,3,3,3.5,2.5,1.5,0.5,0.5,1,1,0
2025-11-30,"Overall",2,12,18,15,13,10,17,15,2,5,7,5,4,6,3,1,1,1,1,0,"Resp",9000,19,2,5,20000,54,0.3,1.3,2.35,1.55,1.5,1.1,2.2,2.25,0.15,0.4,0.9,0.7,0.65,0.65,0.3,0.1,0.1,0.15,0.15,0,0.222222222222222,1.33333333333333,2,1.66666666666667,1.44444444444444,1.11111111111111,1.88888888888889,1.66666666666667,0.222222222222222,0.555555555555556,0.777777777777778,0.555555555555556,0.444444444444444,0.666666666666667,0.333333333333333,0.111111111111111,0.111111111111111,0.111111111111111,0.111111111111111,0
2025-12-07,"Overall",0,6,14,6,6,6,16,14,0,2,5,3,2,2,0,0,0,0,0,0,"Resp",9000,17,2,6,27000,54,0.111111111111111,1,1.77777777777778,1.11111111111111,1.11111111111111,0.962962962962963,1.81481481481481,1.62962962962963,0.0740740740740741,0.37037037037037,0.592592592592593,0.481481481481481,0.296296296296296,0.37037037037037,0.185185185185185,0.037037037037037,0.037037037037037,0.037037037037037,0.037037037037037,0,0,0.666666666666667,1.55555555555556,0.666666666666667,0.666666666666667,0.666666666666667,1.77777777777778,1.55555555555556,0,0.222222222222222,0.555555555555556,0.333333333333333,0.222222222222222,0.222222222222222,0,0,0,0,0,0
2025-12-14,"Overall",1,9,16,9,11,10,16,15,0,3,4,5,2,2,2,0,0,0,0,0,"Resp",9000,18,2,6,27000,48,0.0740740740740741,0.703703703703704,1.51851851851852,0.814814814814815,0.925925925925926,0.851851851851852,1.51851851851852,1.48148148148148,0,0.259259259259259,0.481481481481481,0.407407407407407,0.185185185185185,0.185185185185185,0.148148148148148,0,0,0,0,0,0.111111111111111,1,1.77777777777778,1,1.22222222222222,1.11111111111111,1.77777777777778,1.66666666666667,0,0.333333333333333,0.444444444444444,0.555555555555556,0.222222222222222,0.222222222222222,0.222222222222222,0,0,0,0,0
2025-12-21,"Overall",1,4,11,7,8,7,9,11,0,2,4,3,1,1,2,0,0,0,0,0,"Resp",9000,13,2,6,27000,45,0.148148148148148,0.592592592592593,1.44444444444444,1,1.11111111111111,0.814814814814815,1.37037037037037,1.44444444444444,0,0.37037037037037,0.518518518518518,0.37037037037037,0.222222222222222,0.37037037037037,0.222222222222222,0,0,0,0,0,0.111111111111111,0.444444444444444,1.22222222222222,0.777777777777778,0.888888888888889,0.777777777777778,1,1.22222222222222,0,0.222222222222222,0.444444444444444,0.333333333333333,0.111111111111111,0.111111111111111,0.222222222222222,0,0,0,0,0
2025-12-28,"Overall",2,3,12,11,11,5,12,13,0,5,6,2,3,7,2,0,0,0,0,0,"Resp",9000,14,2,6,27000,47,0.185185185185185,0.592592592592593,1.48148148148148,1.03703703703704,1.11111111111111,0.814814814814815,1.51851851851852,1.48148148148148,0.037037037037037,0.444444444444444,0.62962962962963,0.407407407407407,0.296296296296296,0.407407407407407,0.185185185185185,0,0.0740740740740741,0,0.037037037037037,0,0.222222222222222,0.333333333333333,1.33333333333333,1.22222222222222,1.22222222222222,0.555555555555556,1.33333333333333,1.44444444444444,0,0.555555555555556,0.666666666666667,0.222222222222222,0.333333333333333,0.777777777777778,0.222222222222222,0,0,0,0,0
2026-01-04,"Overall",2,9,17,10,11,10,20,16,1,5,7,6,4,3,1,0,2,0,1,0,"Resp",9000,20,2,6,27000,53,0.185185185185185,0.592592592592593,1.66666666666667,1.25925925925926,0.962962962962963,0.703703703703704,1.77777777777778,1.66666666666667,0.037037037037037,0.481481481481481,0.851851851851852,0.407407407407407,0.37037037037037,0.407407407407407,0.111111111111111,0,0.0740740740740741,0,0.037037037037037,0,0.222222222222222,1,1.88888888888889,1.11111111111111,1.22222222222222,1.11111111111111,2.22222222222222,1.77777777777778,0.111111111111111,0.555555555555556,0.777777777777778,0.666666666666667,0.444444444444444,0.333333333333333,0.111111111111111,0,0.222222222222222,0,0.111111111111111,0
2026-01-11,"Overall",1,4,16,13,4,4,16,16,0,3,10,3,3,1,0,0,0,0,0,0,"Resp",9000,19,2,6,27000,51,0.148148148148148,0.592592592592593,1.55555555555556,1,0.666666666666667,0.62962962962963,1.66666666666667,1.51851851851852,0.037037037037037,0.296296296296296,0.814814814814815,0.37037037037037,0.296296296296296,0.259259259259259,0.037037037037037,0,0.111111111111111,0,0.037037037037037,0,0.111111111111111,0.444444444444444,1.77777777777778,1.44444444444444,0.444444444444444,0.444444444444444,1.77777777777778,1.77777777777778,0,0.333333333333333,1.11111111111111,0.333333333333333,0.333333333333333,0.111111111111111,0,0,0,0,0,0
2026-01-18,"Overall",1,3,9,4,3,3,9,9,0,0,5,1,1,3,0,0,1,0,0,0,"Resp",9000,12,2,6,27000,49,0.0740740740740741,0.481481481481481,1.51851851851852,0.925925925925926,0.444444444444444,0.444444444444444,1.51851851851852,1.51851851851852,0,0.222222222222222,0.888888888888889,0.222222222222222,0.259259259259259,0.259259259259259,0,0,0.0740740740740741,0,0,0,0.111111111111111,0.333333333333333,1,0.444444444444444,0.333333333333333,0.333333333333333,1,1,0,0,0.555555555555556,0.111111111111111,0.111111111111111,0.333333333333333,0,0,0.111111111111111,0,0,0
2026-01-25,"Overall",0,6,16,8,5,5,16,16,0,3,9,2,3,3,0,0,1,0,0,0,"Resp",9000,18,2,6,27000,42,0.0740740740740741,0.481481481481481,1.37037037037037,0.666666666666667,0.407407407407407,0.481481481481481,1.33333333333333,1.25925925925926,0,0.296296296296296,0.703703703703704,0.222222222222222,0.296296296296296,0.296296296296296,0.0740740740740741,0,0.148148148148148,0,0,0,0,0.666666666666667,1.77777777777778,0.888888888888889,0.555555555555556,0.555555555555556,1.77777777777778,1.77777777777778,0,0.333333333333333,1,0.222222222222222,0.333333333333333,0.333333333333333,0,0,0.111111111111111,0,0,0
2026-02-01,"Overall",1,4,12,6,3,5,11,9,0,5,5,3,4,2,2,0,2,0,0,0,"Resp",9000,12,2,6,27000,48,0.0740740740740741,0.518518518518518,1.66666666666667,0.851851851851852,0.407407407407407,0.518518518518518,1.51851851851852,1.55555555555556,0,0.592592592592593,0.851851851851852,0.37037037037037,0.481481481481481,0.222222222222222,0.111111111111111,0,0.185185185185185,0,0,0,0.111111111111111,0.444444444444444,1.33333333333333,0.666666666666667,0.333333333333333,0.555555555555556,1.22222222222222,1,0,0.555555555555556,0.555555555555556,0.333333333333333,0.444444444444444,0.222222222222222,0.222222222222222,0,0.222222222222222,0,0,0
2026-02-08,"Overall",1,4,17,9,3,4,14,17,0,8,9,5,6,1,1,0,2,0,0,0,"Resp",9000,18,2,6,27000,48,0.148148148148148,0.518518518518518,1.59259259259259,0.703703703703704,0.407407407407407,0.555555555555556,1.44444444444444,1.40740740740741,0.037037037037037,0.777777777777778,0.814814814814815,0.518518518518518,0.518518518518518,0.259259259259259,0.111111111111111,0,0.37037037037037,0,0,0,0.111111111111111,0.444444444444444,1.88888888888889,1,0.333333333333333,0.444444444444444,1.55555555555556,1.88888888888889,0,0.888888888888889,1,0.555555555555556,0.666666666666667,0.111111111111111,0.111111111111111,0,0.222222222222222,0,0,0
2026-02-15,"Overall",2,6,14,4,5,6,14,12,1,8,8,6,4,4,0,0,6,0,0,0,"Resp",9000,18,2,6,27000,59,0.222222222222222,0.814814814814815,1.96296296296296,0.814814814814815,0.703703703703704,0.777777777777778,1.77777777777778,1.77777777777778,0.185185185185185,0.740740740740741,1.07407407407407,0.62962962962963,0.592592592592593,0.296296296296296,0.148148148148148,0,0.407407407407407,0,0,0,0.222222222222222,0.666666666666667,1.55555555555556,0.444444444444444,0.555555555555556,0.666666666666667,1.55555555555556,1.33333333333333,0.111111111111111,0.888888888888889,0.888888888888889,0.666666666666667,0.444444444444444,0.444444444444444,0,0,0.666666666666667,0,0,0
2026-02-22,"Overall",3,12,22,9,11,11,20,19,4,4,12,6,6,3,3,0,3,0,0,0,"Resp",9000,23,2,6,27000,57,0.296296296296296,0.851851851851852,1.92592592592593,0.62962962962963,0.740740740740741,0.777777777777778,1.81481481481481,1.74074074074074,0.185185185185185,0.851851851851852,1.14814814814815,0.62962962962963,0.555555555555556,0.296296296296296,0.148148148148148,0,0.444444444444444,0,0,0,0.333333333333333,1.33333333333333,2.44444444444444,1,1.22222222222222,1.22222222222222,2.22222222222222,2.11111111111111,0.444444444444444,0.444444444444444,1.33333333333333,0.666666666666667,0.666666666666667,0.333333333333333,0.333333333333333,0,0.333333333333333,0,0,0
2026-03-01,"Overall",3,5,16,4,4,4,15,16,0,11,11,5,5,1,1,0,3,0,0,0,"Resp",9000,16,2,6,27000,64,0.296296296296296,0.851851851851852,2.22222222222222,0.740740740740741,0.851851851851852,0.740740740740741,2.14814814814815,2.18518518518519,0.222222222222222,0.925925925925926,1.2962962962963,0.518518518518518,0.592592592592593,0.185185185185185,0.222222222222222,0,0.518518518518518,0,0,0,0.333333333333333,0.555555555555556,1.77777777777778,0.444444444444444,0.444444444444444,0.444444444444444,1.66666666666667,1.77777777777778,0,1.22222222222222,1.22222222222222,0.555555555555556,0.555555555555556,0.111111111111111,0.111111111111111,0,0.333333333333333,0,0,0
2026-03-08,"Overall",2,6,22,7,8,5,23,24,2,10,12,3,5,1,2,0,8,0,0,0,"Resp",9000,25,2,6,27000,59,0.259259259259259,0.740740740740741,1.96296296296296,0.703703703703704,0.740740740740741,0.62962962962963,2.03703703703704,2,0.0740740740740741,1.07407407407407,1.18518518518519,0.37037037037037,0.444444444444444,0.111111111111111,0.185185185185185,0,0.481481481481481,0,0,0,0.222222222222222,0.666666666666667,2.44444444444444,0.777777777777778,0.888888888888889,0.555555555555556,2.55555555555556,2.66666666666667,0.222222222222222,1.11111111111111,1.33333333333333,0.333333333333333,0.555555555555556,0.111111111111111,0.222222222222222,0,0.888888888888889,0,0,0
2026-03-15,"Overall",2,9,15,8,8,8,17,14,0,8,9,2,2,1,2,0,2,0,0,0,"Resp",9000,18,2,6,27000,58,0.148148148148148,0.666666666666667,1.92592592592593,0.814814814814815,0.666666666666667,0.592592592592593,1.88888888888889,1.92592592592593,0.148148148148148,0.851851851851852,1.11111111111111,0.259259259259259,0.37037037037037,0.185185185185185,0.185185185185185,0,0.444444444444444,0,0,0,0.222222222222222,1,1.66666666666667,0.888888888888889,0.888888888888889,0.888888888888889,1.88888888888889,1.55555555555556,0,0.888888888888889,1,0.222222222222222,0.222222222222222,0.111111111111111,0.222222222222222,0,0.222222222222222,0,0,0
2026-03-22,"Overall",0,3,15,7,2,3,11,14,2,5,9,2,3,3,1,0,2,0,0,0,"Resp",9000,15,2,6,27000,44,0.111111111111111,0.518518518518518,1.48148148148148,0.666666666666667,0.407407407407407,0.481481481481481,1.37037037037037,1.44444444444444,0.111111111111111,0.555555555555556,0.962962962962963,0.185185185185185,0.222222222222222,0.222222222222222,0.111111111111111,0,0.222222222222222,0,0,0,0,0.333333333333333,1.66666666666667,0.777777777777778,0.222222222222222,0.333333333333333,1.22222222222222,1.55555555555556,0.222222222222222,0.555555555555556,1,0.222222222222222,0.333333333333333,0.333333333333333,0.111111111111111,0,0.222222222222222,0,0,0
2026-03-29,"Overall",1,2,10,3,1,2,9,11,1,2,8,1,1,2,0,0,2,0,0,0,"Resp",9000,11,2,6,28000,41,0.0714285714285714,0.428571428571429,1.39285714285714,0.535714285714286,0.357142857142857,0.392857142857143,1.07142857142857,1.35714285714286,0.142857142857143,0.392857142857143,0.714285714285714,0.285714285714286,0.321428571428571,0.285714285714286,0.0357142857142857,0,0.25,0,0,0,0.111111111111111,0.222222222222222,1.11111111111111,0.333333333333333,0.111111111111111,0.222222222222222,1,1.22222222222222,0.111111111111111,0.222222222222222,0.888888888888889,0.111111111111111,0.111111111111111,0.222222222222222,0,0,0.222222222222222,0,0,0
2026-04-05,"Overall",1,7,14,5,7,6,10,13,1,4,3,5,5,3,0,0,3,0,0,0,"Resp",10000,15,2,5,26000,27,0.115384615384615,0.384615384615385,0.923076923076923,0.346153846153846,0.346153846153846,0.346153846153846,0.730769230769231,0.961538461538462,0.0769230769230769,0.230769230769231,0.423076923076923,0.230769230769231,0.230769230769231,0.192307692307692,0,0,0.192307692307692,0,0,0,0.1,0.7,1.4,0.5,0.7,0.6,1,1.3,0.1,0.4,0.3,0.5,0.5,0.3,0,0,0.3,0,0,0
2026-04-12,"Overall",1,1,0,1,1,1,0,1,0,0,0,0,0,0,0,0,0,0,0,0,"Resp",7000,1,1,5,27000,27,0.148148148148148,0.444444444444444,0.925925925925926,0.407407407407407,0.518518518518518,0.481481481481481,0.740740740740741,0.814814814814815,0.0740740740740741,0.259259259259259,0.296296296296296,0.296296296296296,0.296296296296296,0.185185185185185,0.0740740740740741,0,0.148148148148148,0,0,0,0.142857142857143,0.142857142857143,0,0.142857142857143,0.142857142857143,0.142857142857143,0,0.142857142857143,0,0,0,0,0,0,0,0,0,0,0,0
2026-04-19,"Overall",2,4,11,5,6,6,10,8,1,3,5,3,3,2,2,0,1,0,0,0,"Resp",10000,11,2,5,27000,19,0.111111111111111,0.333333333333333,0.740740740740741,0.333333333333333,0.407407407407407,0.407407407407407,0.592592592592593,0.555555555555556,0.037037037037037,0.222222222222222,0.185185185185185,0.111111111111111,0.111111111111111,0.148148148148148,0.111111111111111,0,0.037037037037037,0,0,0,0.2,0.4,1.1,0.5,0.6,0.6,1,0.8,0.1,0.3,0.5,0.3,0.3,0.2,0.2,0,0.1,0,0,0
2026-04-26,"Overall",0,4,9,3,4,4,6,6,0,3,0,0,0,2,1,0,0,0,0,0,"Resp",10000,7,2,6,30000,34,0.166666666666667,0.533333333333333,1,0.666666666666667,0.566666666666667,0.566666666666667,0.9,0.833333333333333,0.133333333333333,0.433333333333333,0.4,0.333333333333333,0.333333333333333,0.266666666666667,0.233333333333333,0,0.133333333333333,0,0,0,0,0.4,0.9,0.3,0.4,0.4,0.6,0.6,0,0.3,0,0,0,0.2,0.1,0,0,0,0,0
2026-05-03,"Overall",3,8,10,12,7,7,11,11,3,7,7,7,7,4,4,0,3,0,0,0,"Resp",10000,16,2,6,30000,44,0.2,0.633333333333333,1.26666666666667,0.866666666666667,0.666666666666667,0.666666666666667,1.2,1.06666666666667,0.133333333333333,0.633333333333333,0.5,0.4,0.233333333333333,0.233333333333333,0.233333333333333,0,0.233333333333333,0,0,0,0.3,0.8,1,1.2,0.7,0.7,1.1,1.1,0.3,0.7,0.7,0.7,0.7,0.4,0.4,0,0.3,0,0,0
2026-05-10,"Overall",3,7,19,11,9,9,19,15,1,9,8,5,0,1,2,0,4,0,0,0,"Resp",10000,21,2,6,30000,48,0.2,0.666666666666667,1.23333333333333,0.9,0.633333333333333,0.666666666666667,1.3,1.13333333333333,0.2,0.533333333333333,0.7,0.533333333333333,0.366666666666667,0.2,0.2,0,0.266666666666667,0,0,0,0.3,0.7,1.9,1.1,0.9,0.9,1.9,1.5,0.1,0.9,0.8,0.5,0,0.1,0.2,0,0.4,0,0,0
2026-05-17,"Overall",0,5,8,4,3,4,9,8,2,0,6,4,4,1,0,0,1,0,0,0,"Resp",10000,11,2,6,30000,48,0.2,0.666666666666667,1.33333333333333,0.8,0.666666666666667,0.733333333333333,1.36666666666667,1.23333333333333,0.1,0.4,0.633333333333333,0.466666666666667,0.233333333333333,0.166666666666667,0.2,0,0.233333333333333,0,0,0,0,0.5,0.8,0.4,0.3,0.4,0.9,0.8,0.2,0,0.6,0.4,0.4,0.1,0,0,0.1,0,0,0
2026-05-24,"Overall",3,8,13,9,8,9,13,14,0,3,5,5,3,3,4,0,2,0,0,0,"Resp",10000,16,2,6,30000,42,0.133333333333333,0.533333333333333,1.13333333333333,0.666666666666667,0.5,0.566666666666667,1.13333333333333,1.16666666666667,0.0666666666666667,0.2,0.4,0.433333333333333,0.333333333333333,0.166666666666667,0.166666666666667,0,0.133333333333333,0,0,0,0.3,0.8,1.3,0.9,0.8,0.9,1.3,1.4,0,0.3,0.5,0.5,0.3,0.3,0.4,0,0.2,0,0,0
2026-05-31,"Overall",1,3,13,7,4,4,12,13,0,3,1,4,3,1,1,0,1,0,0,0,"Resp",10000,15,2,6,28000,49,0.142857142857143,0.5,1.39285714285714,1.03571428571429,0.5,0.571428571428571,1.46428571428571,1.57142857142857,0.107142857142857,0.321428571428571,0.357142857142857,0.357142857142857,0.25,0.178571428571429,0.214285714285714,0,0.214285714285714,0,0,0,0.1,0.3,1.3,0.7,0.4,0.4,1.2,1.3,0,0.3,0.1,0.4,0.3,0.1,0.1,0,0.1,0,0,0
2026-06-07,"Overall",0,3,13,13,2,3,16,17,3,3,4,1,1,1,1,0,3,0,0,0,"Resp",8000,18,2,6,26000,48,0.115384615384615,0.538461538461538,1.34615384615385,1.19230769230769,0.538461538461538,0.538461538461538,1.53846153846154,1.53846153846154,0.230769230769231,0.346153846153846,0.461538461538462,0.346153846153846,0.192307692307692,0.115384615384615,0.115384615384615,0,0.346153846153846,0,0,0,0,0.375,1.625,1.625,0.25,0.375,2,2.125,0.375,0.375,0.5,0.125,0.125,0.125,0.125,0,0.375,0,0,0
2026-06-14,"Overall",2,8,9,11,8,7,12,10,3,3,7,4,1,1,1,0,5,0,0,0,"Resp",8000,15,2,6,24000,63,0.208333333333333,1,1.70833333333333,1.83333333333333,0.958333333333333,0.958333333333333,2.125,2.04166666666667,0.416666666666667,0.583333333333333,1.16666666666667,0.5,0.5,0.333333333333333,0.125,0,0.75,0,0,0,0.25,1,1.125,1.375,1,0.875,1.5,1.25,0.375,0.375,0.875,0.5,0.125,0.125,0.125,0,0.625,0,0,0
2026-06-21,"Overall",3,13,19,20,13,13,23,22,4,8,17,7,10,6,1,0,10,0,0,0,"Resp",8000,30,2,6,24000,58,0.416666666666667,1.16666666666667,1.5,1.58333333333333,1.16666666666667,1.125,1.79166666666667,1.70833333333333,0.375,0.5,1.29166666666667,0.583333333333333,0.541666666666667,0.333333333333333,0.125,0,0.666666666666667,0,0,0,0.375,1.625,2.375,2.5,1.625,1.625,2.875,2.75,0.5,1,2.125,0.875,1.25,0.75,0.125,0,1.25,0,0,0
2026-06-28,"Overall",5,7,8,7,7,7,8,9,2,1,7,3,2,1,1,0,1,0,0,0,"Resp",8000,13,2,5,19000,48,0.421052631578947,1.10526315789474,1.57894736842105,1.47368421052632,1.10526315789474,1.10526315789474,1.89473684210526,1.84210526315789,0.31578947368421,0.473684210526316,1.26315789473684,0.578947368421053,0.68421052631579,0.368421052631579,0.157894736842105,0,0.578947368421053,0,0,0,0.625,0.875,1,0.875,0.875,0.875,1,1.125,0.25,0.125,0.875,0.375,0.25,0.125,0.125,0,0.125,0,0,0
2026-07-05,"Overall",0,1,3,1,1,1,5,4,0,0,0,1,1,0,1,0,0,0,0,0,"Resp",3000,5,1,5,19000,34,0.31578947368421,0.68421052631579,1.21052631578947,0.842105263157895,0.736842105263158,0.736842105263158,1.47368421052632,1.21052631578947,0.210526315789474,0.105263157894737,0.526315789473684,0.368421052631579,0.263157894736842,0.105263157894737,0.105263157894737,0,0.105263157894737,0,0,0,0,0.333333333333333,1,0.333333333333333,0.333333333333333,0.333333333333333,1.66666666666667,1.33333333333333,0,0,0,0.333333333333333,0.333333333333333,0,0.333333333333333,0,0,0,0,0
2026-07-12,"Overall",1,5,12,8,6,6,15,10,2,1,3,3,2,1,0,0,1,0,0,0,"Resp",8000,16,2,5,19000,46,0.105263157894737,0.631578947368421,1.89473684210526,1.26315789473684,0.736842105263158,0.68421052631579,2,1.84210526315789,0.263157894736842,0.421052631578947,0.631578947368421,0.421052631578947,0.368421052631579,0.105263157894737,0.157894736842105,0,0.210526315789474,0,0,0,0.125,0.625,1.5,1,0.75,0.75,1.875,1.25,0.25,0.125,0.375,0.375,0.25,0.125,0,0,0.125,0,0,0
2026-07-19,"Overall",1,6,21,15,7,6,18,21,3,7,9,4,4,1,2,0,3,0,0,0,"Resp",8000,25,2,6,24000,53,0.166666666666667,0.666666666666667,1.70833333333333,1.25,0.75,0.708333333333333,1.625,1.58333333333333,0.291666666666667,0.375,0.625,0.333333333333333,0.291666666666667,0.166666666666667,0.125,0,0.166666666666667,0,0,0,0.125,0.75,2.625,1.875,0.875,0.75,2.25,2.625,0.375,0.875,1.125,0.5,0.5,0.125,0.25,0,0.375,0,0,0
2026-07-26,"Overall",2,5,8,7,5,5,6,7,2,1,3,1,1,2,1,0,0,0,0,0,"Resp",8000,12,2,6,24000,46,0.166666666666667,0.5,1.45833333333333,1.125,0.583333333333333,0.541666666666667,1.25,1.41666666666667,0.208333333333333,0.458333333333333,0.583333333333333,0.208333333333333,0.208333333333333,0.125,0.125,0,0.208333333333333,0,0,0,0.25,0.625,1,0.875,0.625,0.625,0.75,0.875,0.25,0.125,0.375,0.125,0.125,0.25,0.125,0,0,0,0,0
2026-08-02,"Overall",1,1,6,5,2,2,6,6,0,3,2,0,0,0,0,0,2,0,0,0,"Resp",8000,9,2,6,24000,39,0.208333333333333,0.666666666666667,1.04166666666667,1.125,0.666666666666667,0.625,1,1.04166666666667,0.291666666666667,0.5,0.5,0.0833333333333333,0.25,0.208333333333333,0.208333333333333,0,0.25,0,0,0,0.125,0.125,0.75,0.625,0.25,0.25,0.75,0.75,0,0.375,0.25,0,0,0,0,0,0.25,0,0,0
2026-08-09,"Overall",2,10,11,15,9,8,12,12,5,8,7,1,5,3,4,0,4,0,0,0,"Resp",8000,18,2,6,24000,50,0.25,0.875,1.58333333333333,1.41666666666667,0.791666666666667,0.791666666666667,1.45833333333333,1.45833333333333,0.333333333333333,0.583333333333333,0.75,0.125,0.25,0.166666666666667,0.208333333333333,0,0.375,0,0,0,0.25,1.25,1.375,1.875,1.125,1,1.5,1.5,0.625,1,0.875,0.125,0.625,0.375,0.5,0,0.5,0,0,0
2026-08-16,"Overall",3,10,21,14,8,9,17,17,3,3,9,2,1,1,1,0,3,0,0,0,"Resp",8000,23,2,6,24000,60,0.291666666666667,0.958333333333333,1.95833333333333,1.70833333333333,0.791666666666667,0.875,1.95833333333333,1.95833333333333,0.333333333333333,0.708333333333333,0.791666666666667,0.375,0.333333333333333,0.375,0.291666666666667,0,0.416666666666667,0.0416666666666667,0,0,0.375,1.25,2.625,1.75,1,1.125,2.125,2.125,0.375,0.375,1.125,0.25,0.125,0.125,0.125,0,0.375,0,0,0
2026-08-23,"Overall",2,3,15,12,2,4,18,18,0,6,3,6,2,5,2,0,3,1,0,0,"Resp",8000,19,2,6,24000,51,0.291666666666667,0.708333333333333,1.75,1.25,0.583333333333333,0.708333333333333,1.75,1.75,0.166666666666667,0.5,0.625,0.416666666666667,0.208333333333333,0.291666666666667,0.208333333333333,0,0.291666666666667,0.0416666666666667,0,0,0.25,0.375,1.875,1.5,0.25,0.5,2.25,2.25,0,0.75,0.375,0.75,0.25,0.625,0.25,0,0.375,0.125,0,0
2026-08-30,"Overall",2,4,6,4,4,4,7,7,1,3,3,2,2,1,2,0,1,0,0,0,"Resp",8000,9,2,6,24000,44,0.208333333333333,0.583333333333333,1.41666666666667,1.04166666666667,0.541666666666667,0.583333333333333,1.58333333333333,1.58333333333333,0.0833333333333333,0.5,0.458333333333333,0.416666666666667,0.25,0.375,0.208333333333333,0,0.208333333333333,0.0416666666666667,0,0,0.25,0.5,0.75,0.5,0.5,0.5,0.875,0.875,0.125,0.375,0.375,0.25,0.25,0.125,0.25,0,0.125,0,0,0
2026-09-06,"Overall",1,7,13,9,7,6,13,13,1,3,5,2,2,3,1,0,1,0,0,0,"Resp",8000,16,2,6,24000,28,0.125,0.458333333333333,0.916666666666667,0.625,0.458333333333333,0.416666666666667,0.916666666666667,0.958333333333333,0.0833333333333333,0.25,0.375,0.166666666666667,0.166666666666667,0.166666666666667,0.125,0,0.125,0,0,0,0.125,0.875,1.625,1.125,0.875,0.75,1.625,1.625,0.125,0.375,0.625,0.25,0.25,0.375,0.125,0,0.125,0,0,0
2026-09-13,"Overall",0,0,3,2,0,0,2,3,0,0,1,0,0,0,0,0,1,0,0,0,"Resp",8000,3,2,NA,NA,NA,NA,NA,NA,NA,NA,NA,NA,NA,NA,NA,NA,NA,NA,NA,NA,NA,NA,NA,NA,NA,0,0,0.375,0.25,0,0,0.25,0.375,0,0,0.125,0,0,0,0,0,0.125,0,0,0
