"","sex","week_start","surveilled","tested","inf_a_pos","inf_b_pos","sars_cov2_pos","vsr_pos","inf_a_h1n1","inf_a_h3n2","ili_inc","ili_inc_roll","flu_gen_inc","flu_gen_inc_roll","flua_inc","flua_inc_roll","flub_inc","flub_inc_roll","scv2_inc","scv2_inc_roll","rsv_inc","rsv_inc_roll","h1n1_inc","h1n1_inc_roll","h3n2_inc","h3n2_inc_roll","total_tested_deng","pcr_pos","igm_pos","ns1_pos","ali","ali_inc","ali_inc_roll","deng_roll","deng_inc","deng_inc_roll"
"1","Male",2026-01-04,4,11,0,0,0,0,0,0,2750,NA,0,NA,0,NA,0,NA,0,NA,0,NA,0,NA,0,NA,0,0,0,0,0,0,NA,0,0,NA
"2","Male",2026-01-11,51,16,3,0,0,0,0,0,313.725490196078,260.869565217391,58.8235294117647,26.0869565217391,58.8235294117647,26.0869565217391,0,0,0,0,0,0,0,0,0,0,2,0,0,0,2,39.2156862745098,17.3913043478261,0,0,0
"3","Male",2026-01-18,60,3,0,0,0,0,0,0,50,125.65445026178,0,15.7068062827225,0,15.7068062827225,0,0,0,0,0,0,0,0,0,0,0,0,0,0,0,0,15.7068062827225,0,0,0
"4","Male",2026-01-25,80,5,0,0,0,0,0,0,62.5,61.9834710743802,0,0,0,0,0,0,0,0,0,0,0,0,0,0,1,0,0,0,1,12.5,20.6611570247934,1,0,4.13223140495868
"5","Male",2026-02-01,102,7,0,0,0,0,0,0,68.6274509803922,113.074204946996,0,3.53356890459364,0,3.53356890459364,0,0,0,0,0,0,0,0,0,0,4,0,1,0,4,39.2156862745098,24.7349823321555,2,9.80392156862745,7.06713780918728
"6","Male",2026-02-08,101,20,1,0,0,0,0,0,198.019801980198,128.289473684211,9.9009900990099,6.57894736842105,9.9009900990099,6.57894736842105,0,0,0,0,0,3.28947368421053,0,0,0,0,2,0,1,0,2,19.8019801980198,23.0263157894737,2,9.9009900990099,6.57894736842105
"7","Male",2026-02-15,101,12,1,0,0,1,0,0,118.811881188119,153.846153846154,9.9009900990099,13.3779264214047,9.9009900990099,13.3779264214047,0,0,0,0,9.9009900990099,3.34448160535117,0,0,0,0,1,0,0,0,1,9.9009900990099,13.3779264214047,1,0,3.34448160535117
"8","Male",2026-02-22,97,14,2,0,0,0,0,0,144.329896907216,123.745819397993,20.6185567010309,10.0334448160535,20.6185567010309,10.0334448160535,0,0,0,0,0,3.34448160535117,0,0,0,0,1,0,0,0,1,10.3092783505155,6.68896321070234,0,0,0
"9","Male",2026-03-01,101,11,0,0,0,0,0,0,108.910891089109,143.8127090301,0,20.066889632107,0,20.066889632107,0,0,0,0,0,0,0,0,0,0,0,0,0,0,0,0,23.4113712374582,1,0,3.34448160535117
"10","Male",2026-03-08,101,18,4,0,0,0,0,0,178.217821782178,123.376623376623,39.6039603960396,22.7272727272727,39.6039603960396,22.7272727272727,0,0,0,0,0,0,0,0,0,0,6,0,1,0,6,59.4059405940594,25.974025974026,1,9.9009900990099,3.24675324675325
"11","Male",2026-03-15,106,9,3,0,0,0,0,0,84.9056603773585,116.207951070336,28.3018867924528,30.5810397553517,28.3018867924528,30.5810397553517,0,0,0,0,0,0,0,0,0,0,2,0,0,0,2,18.8679245283019,33.6391437308869,1,0,3.05810397553517
"12","Male",2026-03-22,120,11,3,0,0,0,0,0,91.6666666666667,74.7126436781609,25,20.1149425287356,25,20.1149425287356,0,0,0,0,0,0,0,0,0,0,3,0,0,0,3,25,14.367816091954,0,0,0
"13","Male",2026-03-29,122,6,1,0,0,0,0,0,49.1803278688525,79.5755968169761,8.19672131147541,18.5676392572944,8.19672131147541,18.5676392572944,0,0,0,0,0,0,0,0,0,0,0,0,0,0,0,0,13.262599469496,0,0,0
"14","Male",2026-04-05,135,13,3,0,0,0,0,0,96.2962962962963,81.2807881773399,22.2222222222222,17.2413793103448,22.2222222222222,17.2413793103448,0,0,0,0,0,0,0,0,0,0,2,0,0,0,2,14.8148148148148,7.38916256157635,0,0,0
"15","Male",2026-04-12,149,14,3,0,0,0,0,0,93.9597315436242,81.5850815850816,20.1342281879195,18.6480186480186,20.1342281879195,18.6480186480186,0,0,0,0,0,0,0,0,0,0,1,0,0,0,1,6.71140939597315,16.3170163170163,0,0,0
"16","Male",2026-04-19,145,8,2,0,0,0,0,0,55.1724137931034,68.0272108843537,13.7931034482759,13.6054421768707,13.7931034482759,13.6054421768707,0,0,0,0,0,0,0,0,0,0,4,0,0,0,4,27.5862068965517,15.8730158730159,0,0,0
"17","Male",2026-04-26,147,8,1,0,0,0,0,0,54.421768707483,59.7701149425287,6.80272108843537,11.4942528735632,6.80272108843537,11.4942528735632,0,0,0,0,0,0,0,0,0,0,2,0,0,0,2,13.6054421768707,16.0919540229885,0,0,0
"18","Male",2026-05-03,143,10,2,0,0,0,0,0,69.9300699300699,75.1708428246014,13.986013986014,9.11161731207289,13.986013986014,9.11161731207289,0,0,0,0,0,2.27790432801822,0,0,0,0,1,0,0,0,1,6.99300699300699,11.3895216400911,0,0,0
"19","Male",2026-05-10,149,15,1,0,0,1,0,0,100.671140939597,103.926096997691,6.71140939597315,6.9284064665127,6.71140939597315,6.9284064665127,0,0,0,0,6.71140939597315,2.3094688221709,0,0,0,0,2,0,0,0,2,13.4228187919463,18.4757505773672,1,0,2.3094688221709
"20","Male",2026-05-17,141,20,0,0,0,0,0,0,141.843971631206,104.513064133017,0,9.50118764845606,0,9.50118764845606,0,0,0,0,0,2.37529691211401,0,0,0,0,5,0,1,0,5,35.4609929078014,19.0023752969121,1,7.09219858156028,2.37529691211401
"21","Male",2026-05-24,131,9,3,0,0,0,0,0,68.7022900763359,95.8230958230958,22.9007633587786,7.37100737100737,22.9007633587786,7.37100737100737,0,0,0,2.45700245700246,0,0,0,0,0,0,1,0,0,0,1,7.63358778625954,22.1130221130221,1,0,2.45700245700246
"22","Male",2026-05-31,135,10,0,0,1,0,0,0,74.0740740740741,75.7946210268949,0,7.33496332518337,0,7.33496332518337,0,0,7.40740740740741,2.44498777506112,0,0,0,0,0,0,3,0,0,0,3,22.2222222222222,14.6699266503667,0,0,0
"23","Male",2026-06-07,143,12,0,0,0,0,0,0,83.9160839160839,86.2470862470862,0,0,0,0,0,0,0,2.33100233100233,0,0,0,0,0,0,2,0,0,0,2,13.986013986014,11.6550116550117,0,0,0
"24","Male",2026-06-14,151,15,0,0,0,0,0,0,99.3377483443709,90.1098901098901,0,2.1978021978022,0,2.1978021978022,0,0,0,2.1978021978022,0,0,0,0,0,0,0,0,0,0,0,0,10.989010989011,0,0,0
"25","Male",2026-06-21,161,14,1,0,1,0,0,0,86.9565217391304,82.4295010845987,6.2111801242236,2.16919739696312,6.2111801242236,2.16919739696312,0,0,6.2111801242236,2.16919739696312,0,0,0,0,0,0,3,0,0,0,3,18.6335403726708,8.6767895878525,0,0,0
"26","Male",2026-06-28,149,9,0,0,0,0,0,0,60.4026845637584,67.2451193058568,0,2.16919739696312,0,2.16919739696312,0,0,0,2.16919739696312,0,0,0,0,0,0,1,0,0,0,1,6.71140939597315,10.8459869848156,0,0,0
"27","Male",2026-07-05,151,8,0,0,0,0,0,0,52.9801324503311,58.695652173913,0,0,0,0,0,0,0,6.52173913043478,0,0,0,0,0,0,1,0,0,0,1,6.62251655629139,4.34782608695652,0,0,0
"28","Male",2026-07-12,160,10,0,0,3,0,0,0,62.5,73.6842105263158,0,0,0,0,0,0,18.75,23.1578947368421,0,0,0,0,0,0,0,0,0,0,0,0,12.6315789473684,1,0,2.10526315789474
"29","Male",2026-07-19,164,17,0,0,8,0,0,0,103.658536585366,88.477366255144,0,0,0,0,0,0,48.780487804878,24.6913580246914,0,2.05761316872428,0,0,0,0,5,0,1,0,5,30.4878048780488,14.40329218107,1,6.09756097560976,2.05761316872428
"30","Male",2026-07-26,162,16,0,0,1,1,0,0,98.7654320987654,96.0334029227557,0,0,0,0,0,0,6.17283950617284,25.0521920668058,6.17283950617284,2.08768267223382,0,0,0,0,2,0,0,0,2,12.3456790123457,18.7891440501044,2,0,4.17536534446764
"31","Male",2026-08-02,153,13,0,0,3,0,0,0,84.9673202614379,80.0865800865801,0,0,0,0,0,0,19.6078431372549,10.8225108225108,0,2.16450216450216,0,0,0,0,2,0,1,0,2,13.0718954248366,10.8225108225108,2,6.5359477124183,4.32900432900433
"32","Male",2026-08-09,147,8,0,0,1,0,0,0,54.421768707483,82.5892857142857,0,2.23214285714286,0,0,0,2.23214285714286,6.80272108843537,11.1607142857143,0,0,0,0,0,0,1,0,1,1,1,6.80272108843537,6.69642857142857,2,6.80272108843537,4.46428571428571
"33","Male",2026-08-16,148,16,0,1,1,0,0,0,108.108108108108,82.7740492170022,6.75675675675676,6.71140939597315,0,0,6.75675675675676,6.71140939597315,6.75675675675676,4.47427293064877,0,6.71140939597315,0,0,0,0,0,0,0,0,0,0,6.71140939597315,1,0,2.23713646532438
"34","Male",2026-08-23,152,13,0,2,0,3,0,0,85.5263157894737,102.222222222222,13.1578947368421,11.1111111111111,0,0,13.1578947368421,11.1111111111111,0,2.22222222222222,19.7368421052632,11.1111111111111,0,0,0,0,2,0,0,0,2,13.1578947368421,4.44444444444444,0,0,0
"35","Male",2026-08-30,150,17,0,2,0,2,0,0,113.333333333333,92.7536231884058,13.3333333333333,11.5942028985507,0,0,13.3333333333333,11.5942028985507,0,0,13.3333333333333,14.4927536231884,0,0,0,0,0,0,0,0,0,0,5.79710144927536,0,0,0
"36","Male",2026-09-06,43,2,0,0,0,0,0,0,46.5116279069767,NA,0,NA,0,NA,0,NA,0,NA,0,NA,0,NA,0,NA,0,0,0,0,0,0,NA,NA,0,NA
"37","Female",2026-01-04,1,18,2,0,0,1,0,0,18000,NA,2000,NA,2000,NA,0,NA,0,NA,1000,NA,0,NA,0,NA,2,0,1,0,2,2000,NA,1,1000,NA
"38","Female",2026-01-11,78,5,0,0,0,0,0,0,64.1025641025641,188.172043010753,0,16.1290322580645,0,16.1290322580645,0,0,0,0,0,5.3763440860215,0,0,0,0,1,0,0,0,1,12.8205128205128,32.258064516129,1,0,5.3763440860215
"39","Female",2026-01-18,107,12,1,0,0,0,0,0,112.14953271028,88.3280757097792,9.34579439252336,3.15457413249211,9.34579439252336,3.15457413249211,0,0,0,0,0,0,0,0,0,0,3,0,0,0,3,28.0373831775701,15.7728706624606,0,0,0
"40","Female",2026-01-25,132,11,0,0,0,0,0,0,83.3333333333333,99.2555831265509,0,4.96277915632754,0,4.96277915632754,0,0,0,0,0,0,0,0,0,0,1,0,0,0,1,7.57575757575758,19.8511166253102,1,0,2.48138957816377
"41","Female",2026-02-01,164,17,1,0,0,0,0,0,103.658536585366,101.321585903084,6.09756097560976,8.81057268722467,6.09756097560976,8.81057268722467,0,0,0,4.40528634361233,0,6.6079295154185,0,0,0,0,4,0,1,0,4,24.390243902439,28.6343612334802,1,6.09756097560976,2.20264317180617
"42","Female",2026-02-08,158,18,3,0,2,3,0,0,113.924050632911,108.510638297872,18.9873417721519,8.51063829787234,18.9873417721519,8.51063829787234,0,0,12.6582278481013,4.25531914893617,18.9873417721519,8.51063829787234,0,0,0,0,8,0,0,0,8,50.6329113924051,36.1702127659574,1,0,2.12765957446809
"43","Female",2026-02-15,148,16,0,0,0,1,0,0,108.108108108108,121.338912133891,0,8.36820083682008,0,8.36820083682008,0,0,0,4.18410041841004,6.75675675675676,8.36820083682008,0,0,0,0,5,0,0,0,5,33.7837837837838,35.5648535564854,1,0,2.09205020920502
"44","Female",2026-02-22,172,24,1,0,0,0,0,0,139.53488372093,122.244488977956,5.81395348837209,2.00400801603206,5.81395348837209,2.00400801603206,0,0,0,0,0,2.00400801603206,0,0,0,0,4,0,1,0,4,23.2558139534884,26.0521042084168,1,5.81395348837209,2.00400801603206
"45","Female",2026-03-01,179,21,0,0,0,0,0,0,117.31843575419,129.699248120301,0,11.2781954887218,0,11.2781954887218,0,0,0,0,0,3.7593984962406,0,0,0,0,4,0,0,0,4,22.3463687150838,24.4360902255639,1,0,1.8796992481203
"46","Female",2026-03-08,181,24,5,0,0,2,0,0,132.596685082873,104.395604395604,27.6243093922652,16.4835164835165,27.6243093922652,16.4835164835165,0,0,0,0,11.0497237569061,3.66300366300366,0,0,0,0,5,0,0,0,5,27.6243093922652,27.4725274725275,0,0,0
"47","Female",2026-03-15,186,12,4,0,0,0,0,0,64.5161290322581,89.9830220713073,21.505376344086,23.7691001697793,21.505376344086,23.7691001697793,0,0,0,0,0,3.3955857385399,0,0,0,0,6,0,0,0,6,32.258064516129,30.5602716468591,0,0,0
"48","Female",2026-03-22,222,17,5,0,0,0,0,0,76.5765765765766,67.6100628930818,22.5225225225225,14.1509433962264,22.5225225225225,14.1509433962264,0,0,0,0,0,0,0,0,0,0,7,0,0,0,7,31.5315315315315,25.1572327044025,0,0,0
"49","Female",2026-03-29,228,14,0,0,0,0,0,0,61.4035087719298,72.5462304409673,0,11.3798008534851,0,11.3798008534851,0,0,0,0,0,1.42247510668563,0,0,0,0,3,0,0,0,3,13.1578947368421,18.4921763869132,0,0,0
"50","Female",2026-04-05,253,20,3,0,0,1,0,0,79.0513833992095,64.1711229946524,11.8577075098814,10.6951871657754,11.8577075098814,10.6951871657754,0,0,0,0,3.95256916996047,1.33689839572193,0,0,0,0,3,0,0,0,3,11.8577075098814,13.3689839572193,0,0,0
"51","Female",2026-04-12,267,14,5,0,0,0,0,0,52.434456928839,64.1509433962264,18.7265917602996,10.062893081761,18.7265917602996,10.062893081761,0,0,0,0,0,1.25786163522013,0,0,0,0,4,0,0,0,4,14.9812734082397,16.3522012578616,0,0,0
"52","Female",2026-04-19,275,17,0,0,0,0,0,0,61.8181818181818,63.1067961165049,0,7.28155339805825,0,7.28155339805825,0,0,0,0,0,0,0,0,0,0,6,0,0,0,6,21.8181818181818,24.2718446601942,0,0,0
"53","Female",2026-04-26,282,21,1,0,0,0,0,0,74.468085106383,62.4249699879952,3.54609929078014,4.80192076830732,3.54609929078014,4.80192076830732,0,0,0,0,0,0,0,0,0,0,10,0,0,0,10,35.4609929078014,24.0096038415366,0,0,0
"54","Female",2026-05-03,276,14,3,0,0,0,0,0,50.7246376811594,63.0952380952381,10.8695652173913,5.95238095238095,10.8695652173913,5.95238095238095,0,0,0,0,0,0,0,0,0,0,4,0,0,0,4,14.4927536231884,21.4285714285714,0,0,0
"55","Female",2026-05-10,282,18,1,0,0,0,0,0,63.8297872340426,67.5512665862485,3.54609929078014,4.82509047044632,3.54609929078014,4.82509047044632,0,0,0,0,0,0,0,0,0,0,4,0,0,0,4,14.1843971631206,14.475271411339,1,0,1.20627261761158
"56","Female",2026-05-17,271,24,0,0,0,0,0,0,88.5608856088561,79.9031476997579,0,1.21065375302663,0,1.21065375302663,0,0,0,0,0,1.21065375302663,0,0,0,0,4,0,1,0,4,14.760147601476,14.5278450363196,1,3.690036900369,1.21065375302663
"57","Female",2026-05-24,273,24,0,0,0,1,0,0,87.9120879120879,82.6140567200986,0,3.69913686806412,0,3.69913686806412,0,0,0,0,3.66300366300366,1.23304562268804,0,0,0,0,4,0,0,0,4,14.6520146520147,14.7965474722565,1,0,1.23304562268804
"58","Female",2026-05-31,267,19,3,0,0,0,0,0,71.1610486891386,70.3703703703704,11.2359550561798,3.7037037037037,11.2359550561798,3.7037037037037,0,0,0,0,0,1.23456790123457,0,0,0,0,4,0,0,0,4,14.9812734082397,9.87654320987654,0,0,0
"59","Female",2026-06-07,270,14,0,0,0,0,0,0,51.8518518518519,68.8806888068881,0,4.920049200492,0,4.920049200492,0,0,0,0,0,0,0,0,0,0,0,0,0,0,0,0,9.84009840098401,0,0,0
"60","Female",2026-06-14,276,23,1,0,0,0,0,0,83.3333333333333,70.3030303030303,3.6231884057971,2.42424242424242,3.6231884057971,2.42424242424242,0,0,0,0,0,0,0,0,0,0,4,0,0,0,4,14.4927536231884,6.06060606060606,1,0,1.21212121212121
"61","Female",2026-06-21,279,21,1,0,0,0,0,0,75.2688172043011,80.6257521058965,3.584229390681,2.40673886883273,3.584229390681,2.40673886883273,0,0,0,3.6101083032491,0,0,0,0,0,0,1,0,1,0,1,3.584229390681,8.42358604091456,1,3.584229390681,1.20336943441637
"62","Female",2026-06-28,276,23,0,0,3,0,0,0,83.3333333333333,70.9134615384615,0,1.20192307692308,0,1.20192307692308,0,0,10.8695652173913,9.61538461538461,0,0,0,0,0,0,2,0,0,0,2,7.2463768115942,7.21153846153846,1,0,1.20192307692308
"63","Female",2026-07-05,277,15,0,0,5,0,0,0,54.1516245487365,79.8065296251511,0,0,0,0,0,0,18.0505415162455,15.7194679564692,0,0,0,0,0,0,3,0,0,0,3,10.8303249097473,14.5102781136638,0,0,0
"64","Female",2026-07-12,274,28,0,0,5,0,0,0,102.189781021898,76.0736196319018,0,0,0,0,0,0,18.2481751824818,20.8588957055215,0,0,0,0,0,0,7,0,0,0,7,25.5474452554745,19.6319018404908,1,0,1.22699386503067
"65","Female",2026-07-19,264,19,0,0,7,0,0,0,71.969696969697,83.5411471321696,0,0,0,0,0,0,26.5151515151515,19.9501246882793,0,0,0,0,0,0,6,0,1,0,6,22.7272727272727,21.1970074812968,1,3.78787878787879,1.24688279301746
"66","Female",2026-07-26,264,20,0,0,4,0,0,0,75.7575757575758,72.1518987341772,0,0,0,0,0,0,15.1515151515152,15.1898734177215,0,2.53164556962025,0,0,0,0,4,0,0,0,4,15.1515151515152,15.1898734177215,1,0,1.26582278481013
"67","Female",2026-08-02,262,18,0,0,1,2,0,0,68.7022900763359,60.1023017902813,0,0,0,0,0,0,3.81679389312977,7.67263427109974,7.63358778625954,2.55754475703325,0,0,0,0,2,0,0,0,2,7.63358778625954,11.5089514066496,0,0,0
"68","Female",2026-08-09,256,9,0,0,1,0,0,0,35.15625,55.3459119496855,0,0,0,0,0,0,3.90625,2.51572327044025,0,3.77358490566038,0,0,0,0,3,0,0,0,3,11.71875,10.062893081761,0,0,0
"69","Female",2026-08-16,277,17,0,0,0,1,0,0,61.3718411552347,51.4075887392901,0,2.44798041615667,0,0,0,2.44798041615667,0,3.67197062423501,3.6101083032491,3.67197062423501,0,0,0,0,3,0,0,0,3,10.8303249097473,11.015911872705,0,0,0
"70","Female",2026-08-23,284,16,0,2,2,2,0,0,56.3380281690141,58.9622641509434,7.04225352112676,2.35849056603774,0,0,7.04225352112676,2.35849056603774,7.04225352112676,3.5377358490566,7.04225352112676,4.71698113207547,0,0,0,0,3,0,0,0,3,10.5633802816901,8.25471698113208,1,0,1.17924528301887
"71","Female",2026-08-30,287,17,0,0,1,1,0,0,59.2334494773519,59.7243491577335,0,3.06278713629403,0,0,0,3.06278713629403,3.48432055749129,4.59418070444104,3.48432055749129,4.59418070444104,0,0,0,0,1,0,1,0,1,3.48432055749129,9.18836140888208,1,3.48432055749129,1.53139356814701
"72","Female",2026-09-06,82,6,0,0,0,0,0,0,73.1707317073171,NA,0,NA,0,NA,0,NA,0,NA,0,NA,0,NA,0,NA,2,0,0,0,2,24.390243902439,NA,NA,0,NA
