"","municipio_recent","week_start","surveilled","tested","inf_a_pos","inf_b_pos","sars_cov2_pos","vsr_pos","inf_a_h1n1","inf_a_h3n2","ili_inc","ili_inc_roll","flu_gen_inc","flu_gen_inc_roll","flua_inc","flua_inc_roll","flub_inc","flub_inc_roll","scv2_inc","scv2_inc_roll","rsv_inc","rsv_inc_roll","h1n1_inc","h1n1_inc_roll","h3n2_inc","h3n2_inc_roll","total_tested_deng","pcr_pos","igm_pos","ns1_pos","ali","ali_inc","ali_inc_roll","deng_roll","deng_inc","deng_inc_roll"
"1","Coatepeque",2026-01-18,64,12,1,0,0,0,0,0,187.5,122.448979591837,15.625,5.10204081632653,15.625,5.10204081632653,0,0,0,0,0,0,0,0,0,0,2,0,0,0,2,31.25,37.037037037037,0,0,0
"2","Coatepeque",2026-01-25,76,3,0,0,0,0,0,0,39.4736842105263,122.881355932203,0,4.23728813559322,0,4.23728813559322,0,0,0,0,0,0,0,0,0,0,0,0,0,0,0,0,0,0,0,0
"3","Coatepeque",2026-02-01,96,14,0,0,0,0,0,0,145.833333333333,131.782945736434,0,11.6279069767442,0,11.6279069767442,0,0,0,7.75193798449612,0,0,0,0,0,0,3,0,0,0,3,31.25,48.780487804878,1,0,4.0650406504065
"4","Coatepeque",2026-02-08,86,17,3,0,2,0,0,0,197.674418604651,175.097276264591,34.8837209302326,11.6731517509728,34.8837209302326,11.6731517509728,0,0,23.2558139534884,7.78210116731517,0,7.78210116731517,0,0,0,0,7,0,1,0,7,81.3953488372093,50.5836575875486,1,11.6279069767442,3.89105058365759
"5","Coatepeque",2026-02-15,75,14,0,0,0,2,0,0,186.666666666667,208.494208494208,0,19.3050193050193,0,19.3050193050193,0,0,0,7.72200772200772,26.6666666666667,7.72200772200772,0,0,0,0,3,0,0,0,3,40,50.1930501930502,2,0,7.72200772200772
"6","Coatepeque",2026-02-22,98,23,2,0,0,0,0,0,234.69387755102,200.743494423792,20.4081632653061,7.43494423791822,20.4081632653061,7.43494423791822,0,0,0,0,0,7.43494423791822,0,0,0,0,3,0,1,0,3,30.6122448979592,33.457249070632,1,10.2040816326531,3.71747211895911
"7","Coatepeque",2026-03-01,96,17,0,0,0,0,0,0,177.083333333333,186.206896551724,0,17.2413793103448,0,17.2413793103448,0,0,0,0,0,0,0,0,0,0,3,0,0,0,3,31.25,27.5862068965517,1,0,3.44827586206897
"8","Coatepeque",2026-03-08,96,14,3,0,0,0,0,0,145.833333333333,119.601328903654,31.25,13.2890365448505,31.25,13.2890365448505,0,0,0,0,0,0,0,0,0,0,2,0,0,0,2,20.8333333333333,26.578073089701,0,0,0
"9","Coatepeque",2026-03-15,109,5,1,0,0,0,0,0,45.8715596330275,85.4700854700855,9.1743119266055,17.0940170940171,9.1743119266055,17.0940170940171,0,0,0,0,0,0,0,0,0,0,3,0,0,0,3,27.5229357798165,25.6410256410256,0,0,0
"10","Coatepeque",2026-03-22,146,11,2,0,0,0,0,0,75.3424657534247,64.9038461538462,13.6986301369863,9.61538461538461,13.6986301369863,9.61538461538461,0,0,0,0,0,0,0,0,0,0,4,0,0,0,4,27.3972602739726,24.0384615384615,0,0,0
"11","Coatepeque",2026-03-29,161,11,1,0,0,0,0,0,68.3229813664596,71.1297071129707,6.2111801242236,12.5523012552301,6.2111801242236,12.5523012552301,0,0,0,0,0,0,0,0,0,0,3,0,0,0,3,18.6335403726708,23.0125523012552,0,0,0
"12","Coatepeque",2026-04-05,171,12,3,0,0,0,0,0,70.1754385964912,79.3950850661626,17.5438596491228,22.6843100189036,17.5438596491228,22.6843100189036,0,0,0,0,0,0,0,0,0,0,4,0,0,0,4,23.3918128654971,20.7939508506616,0,0,0
"13","Coatepeque",2026-04-12,197,19,8,0,0,0,0,0,96.4467005076142,80.3571428571429,40.6091370558376,23.2142857142857,40.6091370558376,23.2142857142857,0,0,0,0,0,0,0,0,0,0,4,0,0,0,4,20.3045685279188,23.2142857142857,0,0,0
"14","Coatepeque",2026-04-19,192,14,2,0,0,0,0,0,72.9166666666667,73.4265734265734,10.4166666666667,19.2307692307692,10.4166666666667,19.2307692307692,0,0,0,0,0,0,0,0,0,0,5,0,0,0,5,26.0416666666667,27.972027972028,0,0,0
"15","Coatepeque",2026-04-26,183,9,1,0,0,0,0,0,49.1803278688525,71.0479573712256,5.46448087431694,10.6571936056838,5.46448087431694,10.6571936056838,0,0,0,0,0,0,0,0,0,0,7,0,0,0,7,38.2513661202186,26.6429840142096,0,0,0
"16","Coatepeque",2026-05-03,188,17,3,0,0,0,0,0,90.4255319148936,84.9909584086799,15.9574468085106,7.23327305605787,15.9574468085106,7.23327305605787,0,0,0,0,0,1.80831826401447,0,0,0,0,3,0,0,0,3,15.9574468085106,23.5081374321881,0,0,0
"17","Coatepeque",2026-05-10,182,21,0,0,0,1,0,0,115.384615384615,105.454545454545,0,5.45454545454545,0,5.45454545454545,0,0,0,0,5.49450549450549,1.81818181818182,0,0,0,0,3,0,0,0,3,16.4835164835165,21.8181818181818,2,0,3.63636363636364
"18","Coatepeque",2026-05-17,180,20,0,0,0,0,0,0,111.111111111111,98.5130111524164,0,0,0,0,0,0,0,0,0,1.85873605947955,0,0,0,0,6,0,2,0,6,33.3333333333333,20.4460966542751,2,11.1111111111111,3.71747211895911
"19","Coatepeque",2026-05-24,176,12,0,0,0,0,0,0,68.1818181818182,91.7602996254682,0,0,0,0,0,0,0,1.87265917602996,0,0,0,0,0,0,2,0,0,0,2,11.3636363636364,22.4719101123596,2,0,3.74531835205992
"20","Coatepeque",2026-05-31,178,17,0,0,1,0,0,0,95.5056179775281,74.487895716946,0,0,0,0,0,0,5.61797752808989,1.86219739292365,0,0,0,0,0,0,4,0,0,0,4,22.4719101123596,13.0353817504655,0,0,0
"21","Coatepeque",2026-06-07,183,11,0,0,0,0,0,0,60.1092896174863,92.2242314647378,0,1.80831826401447,0,1.80831826401447,0,0,0,1.80831826401447,0,0,0,0,0,0,1,0,0,0,1,5.46448087431694,14.4665461121157,0,0,0
"22","Coatepeque",2026-06-14,192,23,1,0,0,0,0,0,119.791666666667,98.4182776801406,5.20833333333333,1.75746924428822,5.20833333333333,1.75746924428822,0,0,0,1.75746924428822,0,0,0,0,0,0,3,0,0,0,3,15.625,10.5448154657294,1,0,1.75746924428822
"23","Coatepeque",2026-06-21,194,22,0,0,1,0,0,0,113.40206185567,111.3074204947,0,1.76678445229682,0,1.76678445229682,0,0,5.15463917525773,3.53356890459364,0,0,0,0,0,0,2,0,1,0,2,10.3092783505155,12.3674911660777,1,5.15463917525773,1.76678445229682
"24","Coatepeque",2026-06-28,180,18,0,0,1,0,0,0,100,93.6936936936937,0,0,0,0,0,0,5.55555555555556,9.00900900900901,0,0,0,0,0,0,2,0,0,0,2,11.1111111111111,16.3636363636364,1,0,1.81818181818182
"25","Coatepeque",2026-07-05,181,12,0,0,3,0,0,0,66.2983425414365,72.6256983240224,0,0,0,0,0,0,16.5745856353591,7.4487895716946,0,0,0,0,0,0,0,0,0,0,0,0,0,0,0,0
"26","Coatepeque",2026-07-12,176,9,0,0,0,0,0,0,51.1363636363636,66.1764705882353,0,0,0,0,0,0,0,14.7058823529412,0,0,0,0,0,0,5,0,0,0,5,28.4090909090909,22.0994475138122,2,0,3.68324125230203
"27","Coatepeque",2026-07-19,187,15,0,0,5,0,0,0,80.2139037433155,86.3309352517986,0,0,0,0,0,0,26.7379679144385,14.3884892086331,0,1.79856115107914,0,0,0,0,5,0,2,0,5,26.7379679144385,26.978417266187,2,10.6951871657754,3.59712230215827
"28","Coatepeque",2026-07-26,193,24,0,0,3,1,0,0,124.352331606218,94.8121645796064,0,0,0,0,0,0,15.5440414507772,17.8890876565295,5.18134715025907,3.5778175313059,0,0,0,0,5,0,0,0,5,25.9067357512953,21.4669051878354,2,0,3.5778175313059
"29","Coatepeque",2026-08-02,179,14,0,0,2,1,0,0,78.2122905027933,87.1143375680581,0,0,0,0,0,0,11.1731843575419,12.7041742286751,5.58659217877095,3.62976406533575,0,0,0,0,2,0,0,0,2,11.1731843575419,18.1488203266788,1,0,1.81488203266788
"30","Coatepeque",2026-08-09,179,10,0,0,2,0,0,0,55.8659217877095,73.5849056603774,0,1.88679245283019,0,0,0,1.88679245283019,11.1731843575419,7.54716981132075,0,3.77358490566038,0,0,0,0,3,0,1,1,3,16.7597765363128,11.3207547169811,1,5.58659217877095,1.88679245283019
"31","Coatepeque",2026-08-16,172,15,0,1,0,1,0,0,87.2093023255814,79.3950850661626,5.81395348837209,1.89035916824197,0,0,5.81395348837209,1.89035916824197,0,7.56143667296786,5.81395348837209,11.3421550094518,0,0,0,0,1,0,0,0,1,5.81395348837209,9.45179584120983,1,0,1.89035916824197
"32","Coatepeque",2026-08-23,178,17,0,0,2,5,0,0,95.5056179775281,102.272727272727,0,3.78787878787879,0,0,0,3.78787878787879,11.2359550561798,5.68181818181818,28.0898876404494,18.9393939393939,0,0,0,0,1,0,0,0,1,5.61797752808989,7.66283524904215,0,0,0
"33","Coatepeque",2026-08-30,178,22,0,1,1,4,0,0,123.595505617978,100.378787878788,5.61797752808989,1.89393939393939,0,0,5.61797752808989,1.89393939393939,5.61797752808989,5.68181818181818,22.4719101123596,20.8333333333333,0,0,0,0,0,0,0,0,0,0,0,0,0,0
"34","Coatepeque",2026-09-06,172,14,0,0,0,2,0,0,81.3953488372093,84.1300191204589,0,1.91204588910134,0,0,0,1.91204588910134,0,5.73613766730401,11.6279069767442,11.472275334608,0,0,0,0,2,0,0,0,2,11.6279069767442,11.472275334608,0,0,0
"35","Coatepeque",2026-09-13,173,8,0,0,2,0,0,0,46.242774566474,59.8455598455598,0,1.93050193050193,0,0,0,1.93050193050193,11.5606936416185,3.86100386100386,0,3.86100386100386,0,0,0,0,3,0,0,0,3,17.3410404624277,19.3050193050193,0,0,0
"36","Coatepeque",2026-09-20,173,9,0,1,0,0,0,0,52.0231213872832,42.1455938697318,5.78034682080925,5.74712643678161,0,0,5.78034682080925,5.74712643678161,0,3.83141762452107,0,0,0,0,0,0,5,0,0,0,5,28.9017341040462,21.0727969348659,0,0,0
"37","Coatepeque",2026-09-27,176,5,0,2,0,0,0,0,28.4090909090909,NA,11.3636363636364,NA,0,NA,11.3636363636364,NA,0,NA,0,NA,0,NA,0,NA,3,0,0,1,3,17.0454545454545,0,0,0,0
"38","La Blanca",2026-01-18,61,3,0,0,0,0,0,0,49.1803278688525,143.589743589744,0,15.3846153846154,0,15.3846153846154,0,0,0,0,0,0,0,0,0,0,1,0,0,0,1,16.3934426229508,32.051282051282,1,0,6.41025641025641
"39","La Blanca",2026-01-25,90,13,0,0,0,0,0,0,144.444444444444,97.7443609022556,0,3.7593984962406,0,3.7593984962406,0,0,0,0,0,0,0,0,0,0,2,0,0,0,2,22.2222222222222,30.0751879699248,2,0,7.5187969924812
"40","La Blanca",2026-02-01,115,10,1,0,0,0,0,0,86.9565217391304,137.071651090343,8.69565217391304,6.23052959501558,8.69565217391304,6.23052959501558,0,0,0,0,0,9.34579439252336,0,0,0,0,5,0,2,0,5,43.4782608695652,31.1526479750779,2,17.3913043478261,6.23052959501558
"41","La Blanca",2026-02-08,116,21,1,0,0,3,0,0,181.034482758621,129.310344827586,8.62068965517241,8.62068965517241,8.62068965517241,8.62068965517241,0,0,0,0,25.8620689655172,8.62068965517241,0,0,0,0,3,0,0,0,3,25.8620689655172,31.6091954022989,2,0,5.74712643678161
"42","La Blanca",2026-02-15,117,14,1,0,0,0,0,0,119.65811965812,146.627565982405,8.54700854700855,8.79765395894428,8.54700854700855,8.79765395894428,0,0,0,0,0,8.79765395894428,0,0,0,0,3,0,0,0,3,25.6410256410256,23.4604105571848,0,0,0
"43","La Blanca",2026-02-22,108,15,1,0,0,0,0,0,138.888888888889,127.906976744186,9.25925925925926,5.81395348837209,9.25925925925926,5.81395348837209,0,0,0,0,0,0,0,0,0,0,2,0,0,0,2,18.5185185185185,17.4418604651163,0,0,0
"44","La Blanca",2026-03-01,119,15,0,0,0,0,0,0,126.050420168067,168.115942028986,0,20.2898550724638,0,20.2898550724638,0,0,0,0,0,5.79710144927536,0,0,0,0,1,0,0,0,1,8.40336134453782,34.7826086956522,1,0,2.89855072463768
"45","La Blanca",2026-03-08,118,28,6,0,0,2,0,0,237.28813559322,167.613636363636,50.8474576271186,34.0909090909091,50.8474576271186,34.0909090909091,0,0,0,0,16.9491525423729,5.68181818181818,0,0,0,0,9,0,1,0,9,76.271186440678,42.6136363636364,1,8.47457627118644,2.84090909090909
"46","La Blanca",2026-03-15,115,16,6,0,0,0,0,0,139.130434782609,172.804532577904,52.1739130434783,50.9915014164306,52.1739130434783,50.9915014164306,0,0,0,0,0,5.6657223796034,0,0,0,0,5,0,0,0,5,43.4782608695652,56.657223796034,1,0,2.8328611898017
"47","La Blanca",2026-03-22,120,17,6,0,0,0,0,0,141.666666666667,120.343839541547,50,34.3839541547278,50,34.3839541547278,0,0,0,0,0,0,0,0,0,0,6,0,0,0,6,50,32.7868852459016,0,0,0
"48","La Blanca",2026-03-29,114,9,0,0,0,0,0,0,78.9473684210526,128.767123287671,0,24.6575342465753,0,24.6575342465753,0,0,0,0,0,2.73972602739726,0,0,0,0,0,0,0,0,0,0,0,0,0,0
"49","La Blanca",2026-04-05,131,21,3,0,0,1,0,0,160.30534351145,103.174603174603,22.9007633587786,7.93650793650794,22.9007633587786,7.93650793650794,0,0,0,0,7.63358778625954,2.64550264550265,0,0,0,0,1,0,0,0,1,7.63358778625954,20.8333333333333,0,0,0
"50","La Blanca",2026-04-12,133,9,0,0,0,0,0,0,67.6691729323308,101.736972704715,0,7.44416873449132,0,7.44416873449132,0,0,0,0,0,2.48138957816377,0,0,0,0,1,0,0,0,1,7.5187969924812,17.3697270471464,0,0,0
"51","La Blanca",2026-04-19,139,11,0,0,0,0,0,0,79.136690647482,93.4579439252336,0,2.33644859813084,0,2.33644859813084,0,0,0,0,0,0,0,0,0,0,5,0,0,0,5,35.9712230215827,25.7009345794393,0,0,0
"52","La Blanca",2026-04-26,156,20,1,0,0,0,0,0,128.205128205128,87.1559633027523,6.41025641025641,6.88073394495413,6.41025641025641,6.88073394495413,0,0,0,0,0,0,0,0,0,0,5,0,0,0,5,32.051282051282,27.5229357798165,0,0,0
"53","La Blanca",2026-05-03,141,7,2,0,0,0,0,0,49.645390070922,85.5263157894737,14.1843971631206,10.9649122807018,14.1843971631206,10.9649122807018,0,0,0,0,0,0,0,0,0,0,2,0,0,0,2,14.1843971631206,21.9298245614035,0,0,0
"54","La Blanca",2026-05-10,159,12,2,0,0,0,0,0,75.4716981132076,96.6292134831461,12.5786163522013,8.98876404494382,12.5786163522013,8.98876404494382,0,0,0,0,0,0,0,0,0,0,3,0,0,0,3,18.8679245283019,17.9775280898876,0,0,0
"55","La Blanca",2026-05-17,145,24,0,0,0,0,0,0,165.51724137931,128.378378378378,0,11.2612612612613,0,11.2612612612613,0,0,0,0,0,2.25225225225225,0,0,0,0,3,0,0,0,3,20.6896551724138,20.2702702702703,0,0,0
"56","La Blanca",2026-05-24,140,21,3,0,0,1,0,0,150,135.071090047393,21.4285714285714,14.218009478673,21.4285714285714,14.218009478673,0,0,0,0,7.14285714285714,2.3696682464455,0,0,0,0,3,0,0,0,3,21.4285714285714,21.3270142180095,0,0,0
"57","La Blanca",2026-05-31,137,12,3,0,0,0,0,0,87.5912408759124,115.107913669065,21.8978102189781,14.3884892086331,21.8978102189781,14.3884892086331,0,0,0,0,0,2.39808153477218,0,0,0,0,3,0,0,0,3,21.8978102189781,16.7865707434053,0,0,0
"58","La Blanca",2026-06-07,140,15,0,0,0,0,0,0,107.142857142857,99.7624703087886,0,7.12589073634204,0,7.12589073634204,0,0,0,0,0,0,0,0,0,0,1,0,0,0,1,7.14285714285714,11.8764845605701,0,0,0
"59","La Blanca",2026-06-14,144,15,0,0,0,0,0,0,104.166666666667,97.9498861047836,0,4.55580865603645,0,4.55580865603645,0,0,0,0,0,0,0,0,0,0,1,0,0,0,1,6.94444444444444,9.11161731207289,0,0,0
"60","La Blanca",2026-06-21,155,13,2,0,0,0,0,0,83.8709677419355,91.9037199124727,12.9032258064516,4.37636761487965,12.9032258064516,4.37636761487965,0,0,0,4.37636761487965,0,0,0,0,0,0,2,0,0,0,2,12.9032258064516,8.7527352297593,0,0,0
"61","La Blanca",2026-06-28,158,14,0,0,2,0,0,0,88.6075949367089,80.6794055201699,0,4.24628450106157,0,4.24628450106157,0,0,12.6582278481013,8.49256900212314,0,0,0,0,0,0,1,0,0,0,1,6.32911392405063,14.8619957537155,0,0,0
"62","La Blanca",2026-07-05,158,11,0,0,2,0,0,0,69.620253164557,111.340206185567,0,0,0,0,0,0,12.6582278481013,24.7422680412371,0,0,0,0,0,0,4,0,0,0,4,25.3164556962025,14.4329896907216,0,0,0
"63","La Blanca",2026-07-12,169,29,0,0,8,0,0,0,171.597633136095,127.348643006263,0,0,0,0,0,0,47.3372781065089,41.7536534446764,0,0,0,0,0,0,2,0,0,0,2,11.8343195266272,25.0521920668058,0,0,0
"64","La Blanca",2026-07-19,152,21,0,0,10,0,0,0,138.157894736842,133.047210300429,0,0,0,0,0,0,65.7894736842105,42.9184549356223,0,0,0,0,0,0,6,0,0,0,6,39.4736842105263,19.31330472103,0,0,0
"65","La Blanca",2026-07-26,145,12,0,0,2,0,0,0,82.7586206896552,112.359550561798,0,0,0,0,0,0,13.7931034482759,31.4606741573034,0,2.24719101123596,0,0,0,0,1,0,0,0,1,6.89655172413793,20.2247191011236,1,0,2.24719101123596
"66","La Blanca",2026-08-02,148,17,0,0,2,1,0,0,114.864864864865,83.7209302325581,0,0,0,0,0,0,13.5135135135135,9.30232558139535,6.75675675675676,2.32558139534884,0,0,0,0,2,0,1,0,2,13.5135135135135,9.30232558139535,1,6.75675675675676,2.32558139534884
"67","La Blanca",2026-08-09,137,7,0,0,0,0,0,0,51.0948905109489,93.1263858093126,0,0,0,0,0,0,0,6.65188470066519,0,2.21729490022173,0,0,0,0,1,0,0,0,1,7.2992700729927,11.0864745011086,1,0,2.21729490022173
"68","La Blanca",2026-08-16,166,18,0,0,1,0,0,0,108.433734939759,78.3898305084746,0,8.47457627118644,0,0,0,8.47457627118644,6.02409638554217,2.11864406779661,0,0,0,0,0,0,2,0,0,0,2,12.0481927710843,14.8305084745763,0,0,0
"69","La Blanca",2026-08-23,169,12,0,4,0,0,0,0,71.0059171597633,83.4990059642147,23.6686390532544,9.9403578528827,0,0,23.6686390532544,9.9403578528827,0,1.98807157057654,0,0,0,0,0,0,4,0,0,0,4,23.6686390532544,13.9165009940358,1,0,1.98807157057654
"70","La Blanca",2026-08-30,168,12,0,1,0,0,0,0,71.4285714285714,95.8904109589041,5.95238095238095,13.6986301369863,0,0,5.95238095238095,13.6986301369863,0,0,0,3.91389432485323,0,0,0,0,1,0,1,0,1,5.95238095238095,13.6986301369863,1,5.95238095238095,1.95694716242661
"71","La Blanca",2026-09-06,174,25,0,2,0,2,0,0,143.67816091954,96.969696969697,11.4942528735632,8.08080808080808,0,0,11.4942528735632,8.08080808080808,0,0,11.4942528735632,6.06060606060606,0,0,0,0,2,0,0,0,2,11.4942528735632,16.1616161616162,3,0,6.06060606060606
"72","La Blanca",2026-09-13,153,11,0,1,0,1,0,0,71.8954248366013,111.111111111111,6.5359477124183,10.2880658436214,0,0,6.5359477124183,10.2880658436214,0,0,6.5359477124183,8.23045267489712,0,0,0,0,5,0,2,0,5,32.6797385620915,29.045643153527,3,13.0718954248366,6.22406639004149
"73","La Blanca",2026-09-20,159,18,0,2,0,1,0,0,113.207547169811,111.34903640257,12.5786163522013,21.4132762312634,0,0,12.5786163522013,21.4132762312634,0,2.14132762312634,6.28930817610063,6.42398286937901,0,0,0,0,0,0,0,0,0,0,0,0,0,0
"74","La Blanca",2026-09-27,155,23,0,7,1,1,0,0,148.387096774194,NA,45.1612903225806,NA,0,NA,45.1612903225806,NA,6.45161290322581,NA,6.45161290322581,NA,0,NA,0,NA,7,0,1,0,7,45.1612903225806,0,0,6.45161290322581,0
