"week_start","lugar","source","total_tested","inf_a_pos","inf_b_pos","vsr_pos","ns1_pos","igm_pos","igg_pos","deng_pos","scv2_pos","month","denom","total_tested_roll","inf_a_pos_roll","inf_b_pos_roll","vsr_pos_roll","ns1_pos_roll","igm_pos_roll","igg_pos_roll","deng_pos_roll","scv2_pos_roll","denom_roll","inf_a_pos_rate","inf_b_pos_rate","vsr_pos_rate","ns1_pos_rate","igm_pos_rate","igg_pos_rate","deng_pos_rate","scv2_pos_rate","inf_a_pos_inc","inf_b_pos_inc","vsr_pos_inc","ns1_pos_inc","igm_pos_inc","igg_pos_inc","deng_pos_inc","scv2_pos_inc","inf_a_pos_rate_roll","inf_b_pos_rate_roll","vsr_pos_rate_roll","ns1_pos_rate_roll","igm_pos_rate_roll","igg_pos_rate_roll","deng_pos_rate_roll","scv2_pos_rate_roll","inf_a_pos_inc_roll","inf_b_pos_inc_roll","vsr_pos_inc_roll","ns1_pos_inc_roll","igm_pos_inc_roll","igg_pos_inc_roll","scv2_pos_inc_roll","deng_pos_inc_roll"
2025-06-15,"Banasa","Deng",10,NA,NA,NA,0,2,8,2,NA,6,3000,NA,NA,NA,NA,NA,NA,NA,NA,NA,NA,NA,NA,NA,0,0.2,0.8,0.2,NA,NA,NA,NA,0,0.000666666666666667,0.00266666666666667,0.000666666666666667,NA,NA,NA,NA,NA,NA,NA,NA,NA,NA,NA,NA,NA,NA,NA,NA,NA
2025-06-22,"Banasa","Deng",9,NA,NA,NA,0,0,9,0,NA,6,3000,22,NA,NA,NA,0,2,19,2,NA,9000,NA,NA,NA,0,0,1,0,NA,NA,NA,NA,0,0,0.003,0,NA,NA,NA,NA,0,0.0909090909090909,0.863636363636364,0.0909090909090909,NA,NA,NA,NA,0,0.000222222222222222,0.00211111111111111,NA,0.000222222222222222
2025-06-29,"Banasa","Deng",3,NA,NA,NA,0,0,2,0,NA,6,3000,15,NA,NA,NA,0,0,14,0,NA,9000,NA,NA,NA,0,0,0.666666666666667,0,NA,NA,NA,NA,0,0,0.000666666666666667,0,NA,NA,NA,NA,0,0,0.933333333333333,0,NA,NA,NA,NA,0,0,0.00155555555555556,NA,0
2025-07-06,"Banasa","Deng",3,NA,NA,NA,0,0,3,0,NA,7,3000,8,NA,NA,NA,0,0,6,0,NA,9000,NA,NA,NA,0,0,1,0,NA,NA,NA,NA,0,0,0.001,0,NA,NA,NA,NA,0,0,0.75,0,NA,NA,NA,NA,0,0,0.000666666666666667,NA,0
2025-07-13,"Banasa","Deng",2,NA,NA,NA,0,0,1,0,NA,7,3000,6,NA,NA,NA,0,0,4,0,NA,9000,NA,NA,NA,0,0,0.5,0,NA,NA,NA,NA,0,0,0.000333333333333333,0,NA,NA,NA,NA,0,0,0.666666666666667,0,NA,NA,NA,NA,0,0,0.000444444444444444,NA,0
2025-07-27,"Banasa","Deng",1,NA,NA,NA,0,0,0,0,NA,7,3000,6,NA,NA,NA,1,0,3,1,NA,9000,NA,NA,NA,0,0,0,0,NA,NA,NA,NA,0,0,0,0,NA,NA,NA,NA,0.166666666666667,0,0.5,0.166666666666667,NA,NA,NA,NA,0.000111111111111111,0,0.000333333333333333,NA,0.000111111111111111
2025-08-03,"Banasa","Deng",3,NA,NA,NA,1,0,2,1,NA,8,3000,5,NA,NA,NA,1,0,3,1,NA,9000,NA,NA,NA,0.333333333333333,0,0.666666666666667,0.333333333333333,NA,NA,NA,NA,0.000333333333333333,0,0.000666666666666667,0.000333333333333333,NA,NA,NA,NA,0.2,0,0.6,0.2,NA,NA,NA,NA,0.000111111111111111,0,0.000333333333333333,NA,0.000111111111111111
2025-08-10,"Banasa","Deng",1,NA,NA,NA,0,0,1,0,NA,8,3000,6,NA,NA,NA,1,0,5,1,NA,9000,NA,NA,NA,0,0,1,0,NA,NA,NA,NA,0,0,0.000333333333333333,0,NA,NA,NA,NA,0.166666666666667,0,0.833333333333333,0.166666666666667,NA,NA,NA,NA,0.000111111111111111,0,0.000555555555555556,NA,0.000111111111111111
2025-08-17,"Banasa","Deng",2,NA,NA,NA,0,0,2,0,NA,8,3000,8,NA,NA,NA,0,0,8,0,NA,9000,NA,NA,NA,0,0,1,0,NA,NA,NA,NA,0,0,0.000666666666666667,0,NA,NA,NA,NA,0,0,1,0,NA,NA,NA,NA,0,0,0.000888888888888889,NA,0
2025-08-24,"Banasa","Deng",5,NA,NA,NA,0,0,5,0,NA,8,3000,9,NA,NA,NA,0,0,9,0,NA,9000,NA,NA,NA,0,0,1,0,NA,NA,NA,NA,0,0,0.00166666666666667,0,NA,NA,NA,NA,0,0,1,0,NA,NA,NA,NA,0,0,0.001,NA,0
2025-08-31,"Banasa","Deng",2,NA,NA,NA,0,0,2,0,NA,8,3000,8,NA,NA,NA,0,0,8,0,NA,9000,NA,NA,NA,0,0,1,0,NA,NA,NA,NA,0,0,0.000666666666666667,0,NA,NA,NA,NA,0,0,1,0,NA,NA,NA,NA,0,0,0.000888888888888889,NA,0
2025-09-07,"Banasa","Deng",1,NA,NA,NA,0,0,1,0,NA,9,3000,4,NA,NA,NA,0,0,4,0,NA,9000,NA,NA,NA,0,0,1,0,NA,NA,NA,NA,0,0,0.000333333333333333,0,NA,NA,NA,NA,0,0,1,0,NA,NA,NA,NA,0,0,0.000444444444444444,NA,0
2025-09-14,"Banasa","Deng",1,NA,NA,NA,0,0,1,0,NA,9,3000,3,NA,NA,NA,0,0,3,0,NA,9000,NA,NA,NA,0,0,1,0,NA,NA,NA,NA,0,0,0.000333333333333333,0,NA,NA,NA,NA,0,0,1,0,NA,NA,NA,NA,0,0,0.000333333333333333,NA,0
2025-09-21,"Banasa","Deng",1,NA,NA,NA,0,0,1,0,NA,9,3000,4,NA,NA,NA,0,0,4,0,NA,9000,NA,NA,NA,0,0,1,0,NA,NA,NA,NA,0,0,0.000333333333333333,0,NA,NA,NA,NA,0,0,1,0,NA,NA,NA,NA,0,0,0.000444444444444444,NA,0
2025-09-28,"Banasa","Deng",2,NA,NA,NA,0,0,2,0,NA,9,3000,7,NA,NA,NA,0,1,6,1,NA,8000,NA,NA,NA,0,0,1,0,NA,NA,NA,NA,0,0,0.000666666666666667,0,NA,NA,NA,NA,0,0.142857142857143,0.857142857142857,0.142857142857143,NA,NA,NA,NA,0,0.000125,0.00075,NA,0.000125
2025-10-05,"Banasa","Deng",4,NA,NA,NA,0,1,3,1,NA,10,2000,8,NA,NA,NA,0,2,7,2,NA,7000,NA,NA,NA,0,0.25,0.75,0.25,NA,NA,NA,NA,0,5e-04,0.0015,5e-04,NA,NA,NA,NA,0,0.25,0.875,0.25,NA,NA,NA,NA,0,0.000285714285714286,0.001,NA,0.000285714285714286
2025-10-12,"Banasa","Deng",2,NA,NA,NA,0,1,2,1,NA,10,2000,13,NA,NA,NA,0,2,12,2,NA,6000,NA,NA,NA,0,0.5,1,0.5,NA,NA,NA,NA,0,5e-04,0.001,5e-04,NA,NA,NA,NA,0,0.153846153846154,0.923076923076923,0.153846153846154,NA,NA,NA,NA,0,0.000333333333333333,0.002,NA,0.000333333333333333
2025-10-19,"Banasa","Deng",7,NA,NA,NA,0,0,7,0,NA,10,2000,15,NA,NA,NA,0,1,15,1,NA,6000,NA,NA,NA,0,0,1,0,NA,NA,NA,NA,0,0,0.0035,0,NA,NA,NA,NA,0,0.0666666666666667,1,0.0666666666666667,NA,NA,NA,NA,0,0.000166666666666667,0.0025,NA,0.000166666666666667
2025-10-26,"Banasa","Deng",6,NA,NA,NA,0,0,6,0,NA,10,2000,18,NA,NA,NA,0,0,17,0,NA,6000,NA,NA,NA,0,0,1,0,NA,NA,NA,NA,0,0,0.003,0,NA,NA,NA,NA,0,0,0.944444444444444,0,NA,NA,NA,NA,0,0,0.00283333333333333,NA,0
2025-11-02,"Banasa","Deng",5,NA,NA,NA,0,0,4,0,NA,11,2000,17,NA,NA,NA,0,1,16,1,NA,6000,NA,NA,NA,0,0,0.8,0,NA,NA,NA,NA,0,0,0.002,0,NA,NA,NA,NA,0,0.0588235294117647,0.941176470588235,0.0588235294117647,NA,NA,NA,NA,0,0.000166666666666667,0.00266666666666667,NA,0.000166666666666667
2025-11-09,"Banasa","Deng",6,NA,NA,NA,0,1,6,1,NA,11,2000,17,NA,NA,NA,0,1,14,1,NA,6000,NA,NA,NA,0,0.166666666666667,1,0.166666666666667,NA,NA,NA,NA,0,5e-04,0.003,5e-04,NA,NA,NA,NA,0,0.0588235294117647,0.823529411764706,0.0588235294117647,NA,NA,NA,NA,0,0.000166666666666667,0.00233333333333333,NA,0.000166666666666667
2025-11-16,"Banasa","Deng",6,NA,NA,NA,0,0,4,0,NA,11,2000,17,NA,NA,NA,0,2,14,2,NA,6000,NA,NA,NA,0,0,0.666666666666667,0,NA,NA,NA,NA,0,0,0.002,0,NA,NA,NA,NA,0,0.117647058823529,0.823529411764706,0.117647058823529,NA,NA,NA,NA,0,0.000333333333333333,0.00233333333333333,NA,0.000333333333333333
2025-11-23,"Banasa","Deng",5,NA,NA,NA,0,1,4,1,NA,11,2000,15,NA,NA,NA,0,2,12,2,NA,6000,NA,NA,NA,0,0.2,0.8,0.2,NA,NA,NA,NA,0,5e-04,0.002,5e-04,NA,NA,NA,NA,0,0.133333333333333,0.8,0.133333333333333,NA,NA,NA,NA,0,0.000333333333333333,0.002,NA,0.000333333333333333
2025-11-30,"Banasa","Deng",4,NA,NA,NA,0,1,4,1,NA,11,2000,13,NA,NA,NA,0,2,12,2,NA,6000,NA,NA,NA,0,0.25,1,0.25,NA,NA,NA,NA,0,5e-04,0.002,5e-04,NA,NA,NA,NA,0,0.153846153846154,0.923076923076923,0.153846153846154,NA,NA,NA,NA,0,0.000333333333333333,0.002,NA,0.000333333333333333
2025-12-07,"Banasa","Deng",4,NA,NA,NA,0,0,4,0,NA,12,2000,10,NA,NA,NA,0,1,10,1,NA,6000,NA,NA,NA,0,0,1,0,NA,NA,NA,NA,0,0,0.002,0,NA,NA,NA,NA,0,0.1,1,0.1,NA,NA,NA,NA,0,0.000166666666666667,0.00166666666666667,NA,0.000166666666666667
2025-12-14,"Banasa","Deng",2,NA,NA,NA,0,0,2,0,NA,12,2000,7,NA,NA,NA,0,0,7,0,NA,6000,NA,NA,NA,0,0,1,0,NA,NA,NA,NA,0,0,0.001,0,NA,NA,NA,NA,0,0,1,0,NA,NA,NA,NA,0,0,0.00116666666666667,NA,0
2025-12-21,"Banasa","Deng",1,NA,NA,NA,0,0,1,0,NA,12,2000,4,NA,NA,NA,0,0,4,0,NA,6000,NA,NA,NA,0,0,1,0,NA,NA,NA,NA,0,0,5e-04,0,NA,NA,NA,NA,0,0,1,0,NA,NA,NA,NA,0,0,0.000666666666666667,NA,0
2025-12-28,"Banasa","Deng",1,NA,NA,NA,0,0,1,0,NA,12,2000,7,NA,NA,NA,0,0,5,0,NA,6000,NA,NA,NA,0,0,1,0,NA,NA,NA,NA,0,0,5e-04,0,NA,NA,NA,NA,0,0,0.714285714285714,0,NA,NA,NA,NA,0,0,0.000833333333333333,NA,0
2026-01-04,"Banasa","Deng",5,NA,NA,NA,0,0,3,0,NA,1,2000,7,NA,NA,NA,0,0,5,0,NA,6000,NA,NA,NA,0,0,0.6,0,NA,NA,NA,NA,0,0,0.0015,0,NA,NA,NA,NA,0,0,0.714285714285714,0,NA,NA,NA,NA,0,0,0.000833333333333333,NA,0
2026-01-11,"Banasa","Deng",1,NA,NA,NA,0,0,1,0,NA,1,2000,9,NA,NA,NA,0,0,7,0,NA,6000,NA,NA,NA,0,0,1,0,NA,NA,NA,NA,0,0,5e-04,0,NA,NA,NA,NA,0,0,0.777777777777778,0,NA,NA,NA,NA,0,0,0.00116666666666667,NA,0
2026-01-18,"Banasa","Deng",3,NA,NA,NA,0,0,3,0,NA,1,2000,8,NA,NA,NA,0,1,8,1,NA,6000,NA,NA,NA,0,0,1,0,NA,NA,NA,NA,0,0,0.0015,0,NA,NA,NA,NA,0,0.125,1,0.125,NA,NA,NA,NA,0,0.000166666666666667,0.00133333333333333,NA,0.000166666666666667
2026-01-25,"Banasa","Deng",4,NA,NA,NA,0,1,4,1,NA,1,2000,9,NA,NA,NA,0,1,9,1,NA,6000,NA,NA,NA,0,0.25,1,0.25,NA,NA,NA,NA,0,5e-04,0.002,5e-04,NA,NA,NA,NA,0,0.111111111111111,1,0.111111111111111,NA,NA,NA,NA,0,0.000166666666666667,0.0015,NA,0.000166666666666667
2026-02-01,"Banasa","Deng",2,NA,NA,NA,0,0,2,0,NA,2,2000,7,NA,NA,NA,0,1,7,1,NA,6000,NA,NA,NA,0,0,1,0,NA,NA,NA,NA,0,0,0.001,0,NA,NA,NA,NA,0,0.142857142857143,1,0.142857142857143,NA,NA,NA,NA,0,0.000166666666666667,0.00116666666666667,NA,0.000166666666666667
2026-02-08,"Banasa","Deng",1,NA,NA,NA,0,0,1,0,NA,2,2000,8,NA,NA,NA,0,0,8,0,NA,6000,NA,NA,NA,0,0,1,0,NA,NA,NA,NA,0,0,5e-04,0,NA,NA,NA,NA,0,0,1,0,NA,NA,NA,NA,0,0,0.00133333333333333,NA,0
2026-02-15,"Banasa","Deng",5,NA,NA,NA,0,0,5,0,NA,2,2000,9,NA,NA,NA,0,0,8,0,NA,6000,NA,NA,NA,0,0,1,0,NA,NA,NA,NA,0,0,0.0025,0,NA,NA,NA,NA,0,0,0.888888888888889,0,NA,NA,NA,NA,0,0,0.00133333333333333,NA,0
2026-02-22,"Banasa","Deng",3,NA,NA,NA,0,0,2,0,NA,2,2000,12,NA,NA,NA,0,0,11,0,NA,6000,NA,NA,NA,0,0,0.666666666666667,0,NA,NA,NA,NA,0,0,0.001,0,NA,NA,NA,NA,0,0,0.916666666666667,0,NA,NA,NA,NA,0,0,0.00183333333333333,NA,0
2026-03-01,"Banasa","Deng",4,NA,NA,NA,0,0,4,0,NA,3,2000,11,NA,NA,NA,0,0,9,0,NA,6000,NA,NA,NA,0,0,1,0,NA,NA,NA,NA,0,0,0.002,0,NA,NA,NA,NA,0,0,0.818181818181818,0,NA,NA,NA,NA,0,0,0.0015,NA,0
2026-03-08,"Banasa","Deng",4,NA,NA,NA,0,0,3,0,NA,3,2000,12,NA,NA,NA,0,0,11,0,NA,6000,NA,NA,NA,0,0,0.75,0,NA,NA,NA,NA,0,0,0.0015,0,NA,NA,NA,NA,0,0,0.916666666666667,0,NA,NA,NA,NA,0,0,0.00183333333333333,NA,0
2026-03-15,"Banasa","Deng",4,NA,NA,NA,0,0,4,0,NA,3,2000,10,NA,NA,NA,0,0,9,0,NA,6000,NA,NA,NA,0,0,1,0,NA,NA,NA,NA,0,0,0.002,0,NA,NA,NA,NA,0,0,0.9,0,NA,NA,NA,NA,0,0,0.0015,NA,0
2026-03-22,"Banasa","Deng",2,NA,NA,NA,0,0,2,0,NA,3,2000,9,NA,NA,NA,0,0,8,0,NA,6000,NA,NA,NA,0,0,1,0,NA,NA,NA,NA,0,0,0.001,0,NA,NA,NA,NA,0,0,0.888888888888889,0,NA,NA,NA,NA,0,0,0.00133333333333333,NA,0
2026-03-29,"Banasa","Deng",3,NA,NA,NA,0,0,2,0,NA,3,2000,10,NA,NA,NA,0,0,9,0,NA,7000,NA,NA,NA,0,0,0.666666666666667,0,NA,NA,NA,NA,0,0,0.001,0,NA,NA,NA,NA,0,0,0.9,0,NA,NA,NA,NA,0,0,0.00128571428571429,NA,0
2026-04-05,"Banasa","Deng",5,NA,NA,NA,0,0,5,0,NA,4,3000,11,NA,NA,NA,0,0,9,0,NA,8000,NA,NA,NA,0,0,1,0,NA,NA,NA,NA,0,0,0.00166666666666667,0,NA,NA,NA,NA,0,0,0.818181818181818,0,NA,NA,NA,NA,0,0,0.001125,NA,0
2026-04-19,"Banasa","Deng",3,NA,NA,NA,0,0,2,0,NA,4,3000,9,NA,NA,NA,0,0,7,0,NA,9000,NA,NA,NA,0,0,0.666666666666667,0,NA,NA,NA,NA,0,0,0.000666666666666667,0,NA,NA,NA,NA,0,0,0.777777777777778,0,NA,NA,NA,NA,0,0,0.000777777777777778,NA,0
2026-04-26,"Banasa","Deng",1,NA,NA,NA,0,0,0,0,NA,4,3000,8,NA,NA,NA,0,0,5,0,NA,9000,NA,NA,NA,0,0,0,0,NA,NA,NA,NA,0,0,0,0,NA,NA,NA,NA,0,0,0.625,0,NA,NA,NA,NA,0,0,0.000555555555555556,NA,0
2026-05-03,"Banasa","Deng",4,NA,NA,NA,0,0,3,0,NA,5,3000,9,NA,NA,NA,0,0,7,0,NA,9000,NA,NA,NA,0,0,0.75,0,NA,NA,NA,NA,0,0,0.001,0,NA,NA,NA,NA,0,0,0.777777777777778,0,NA,NA,NA,NA,0,0,0.000777777777777778,NA,0
2026-05-17,"Banasa","Deng",4,NA,NA,NA,0,0,4,0,NA,5,3000,14,NA,NA,NA,0,1,13,1,NA,9000,NA,NA,NA,0,0,1,0,NA,NA,NA,NA,0,0,0.00133333333333333,0,NA,NA,NA,NA,0,0.0714285714285714,0.928571428571429,0.0714285714285714,NA,NA,NA,NA,0,0.000111111111111111,0.00144444444444444,NA,0.000111111111111111
2026-05-24,"Banasa","Deng",6,NA,NA,NA,0,1,6,1,NA,5,3000,13,NA,NA,NA,0,2,13,2,NA,9000,NA,NA,NA,0,0.166666666666667,1,0.166666666666667,NA,NA,NA,NA,0,0.000333333333333333,0.002,0.000333333333333333,NA,NA,NA,NA,0,0.153846153846154,1,0.153846153846154,NA,NA,NA,NA,0,0.000222222222222222,0.00144444444444444,NA,0.000222222222222222
2026-05-31,"Banasa","Deng",3,NA,NA,NA,0,1,3,1,NA,5,3000,10,NA,NA,NA,0,2,10,2,NA,9000,NA,NA,NA,0,0.333333333333333,1,0.333333333333333,NA,NA,NA,NA,0,0.000333333333333333,0.001,0.000333333333333333,NA,NA,NA,NA,0,0.2,1,0.2,NA,NA,NA,NA,0,0.000222222222222222,0.00111111111111111,NA,0.000222222222222222
2026-06-07,"Banasa","Deng",1,NA,NA,NA,0,0,1,0,NA,6,3000,6,NA,NA,NA,0,1,6,1,NA,9000,NA,NA,NA,0,0,1,0,NA,NA,NA,NA,0,0,0.000333333333333333,0,NA,NA,NA,NA,0,0.166666666666667,1,0.166666666666667,NA,NA,NA,NA,0,0.000111111111111111,0.000666666666666667,NA,0.000111111111111111
2026-06-14,"Banasa","Deng",2,NA,NA,NA,0,0,2,0,NA,6,3000,9,NA,NA,NA,0,0,9,0,NA,9000,NA,NA,NA,0,0,1,0,NA,NA,NA,NA,0,0,0.000666666666666667,0,NA,NA,NA,NA,0,0,1,0,NA,NA,NA,NA,0,0,0.001,NA,0
2026-06-21,"Banasa","Deng",6,NA,NA,NA,0,0,6,0,NA,6,3000,15,NA,NA,NA,0,0,14,0,NA,9000,NA,NA,NA,0,0,1,0,NA,NA,NA,NA,0,0,0.002,0,NA,NA,NA,NA,0,0,0.933333333333333,0,NA,NA,NA,NA,0,0,0.00155555555555556,NA,0
2026-06-28,"Banasa","Deng",7,NA,NA,NA,0,0,6,0,NA,6,3000,15,NA,NA,NA,0,0,14,0,NA,9000,NA,NA,NA,0,0,0.857142857142857,0,NA,NA,NA,NA,0,0,0.002,0,NA,NA,NA,NA,0,0,0.933333333333333,0,NA,NA,NA,NA,0,0,0.00155555555555556,NA,0
2026-07-05,"Banasa","Deng",2,NA,NA,NA,0,0,2,0,NA,7,3000,14,NA,NA,NA,0,0,12,0,NA,9000,NA,NA,NA,0,0,1,0,NA,NA,NA,NA,0,0,0.000666666666666667,0,NA,NA,NA,NA,0,0,0.857142857142857,0,NA,NA,NA,NA,0,0,0.00133333333333333,NA,0
2026-07-12,"Banasa","Deng",5,NA,NA,NA,0,0,4,0,NA,7,3000,8,NA,NA,NA,0,0,7,0,NA,9000,NA,NA,NA,0,0,0.8,0,NA,NA,NA,NA,0,0,0.00133333333333333,0,NA,NA,NA,NA,0,0,0.875,0,NA,NA,NA,NA,0,0,0.000777777777777778,NA,0
2026-07-19,"Banasa","Deng",1,NA,NA,NA,0,0,1,0,NA,7,3000,8,NA,NA,NA,0,0,7,0,NA,9000,NA,NA,NA,0,0,1,0,NA,NA,NA,NA,0,0,0.000333333333333333,0,NA,NA,NA,NA,0,0,0.875,0,NA,NA,NA,NA,0,0,0.000777777777777778,NA,0
2026-07-26,"Banasa","Deng",2,NA,NA,NA,0,0,2,0,NA,7,3000,4,NA,NA,NA,0,1,4,1,NA,9000,NA,NA,NA,0,0,1,0,NA,NA,NA,NA,0,0,0.000666666666666667,0,NA,NA,NA,NA,0,0.25,1,0.25,NA,NA,NA,NA,0,0.000111111111111111,0.000444444444444444,NA,0.000111111111111111
2026-08-02,"Banasa","Deng",1,NA,NA,NA,0,1,1,1,NA,8,3000,6,NA,NA,NA,0,1,6,1,NA,9000,NA,NA,NA,0,1,1,1,NA,NA,NA,NA,0,0.000333333333333333,0.000333333333333333,0.000333333333333333,NA,NA,NA,NA,0,0.166666666666667,1,0.166666666666667,NA,NA,NA,NA,0,0.000111111111111111,0.000666666666666667,NA,0.000111111111111111
2026-08-09,"Banasa","Deng",3,NA,NA,NA,0,0,3,0,NA,8,3000,6,NA,NA,NA,0,2,6,2,NA,9000,NA,NA,NA,0,0,1,0,NA,NA,NA,NA,0,0,0.001,0,NA,NA,NA,NA,0,0.333333333333333,1,0.333333333333333,NA,NA,NA,NA,0,0.000222222222222222,0.000666666666666667,NA,0.000222222222222222
2026-08-16,"Banasa","Deng",2,NA,NA,NA,0,1,2,1,NA,8,3000,9,NA,NA,NA,0,1,9,1,NA,9000,NA,NA,NA,0,0.5,1,0.5,NA,NA,NA,NA,0,0.000333333333333333,0.000666666666666667,0.000333333333333333,NA,NA,NA,NA,0,0.111111111111111,1,0.111111111111111,NA,NA,NA,NA,0,0.000111111111111111,0.001,NA,0.000111111111111111
2026-08-23,"Banasa","Deng",4,NA,NA,NA,0,0,4,0,NA,8,3000,7,NA,NA,NA,0,1,7,1,NA,9000,NA,NA,NA,0,0,1,0,NA,NA,NA,NA,0,0,0.00133333333333333,0,NA,NA,NA,NA,0,0.142857142857143,1,0.142857142857143,NA,NA,NA,NA,0,0.000111111111111111,0.000777777777777778,NA,0.000111111111111111
2026-08-30,"Banasa","Deng",1,NA,NA,NA,0,0,1,0,NA,8,3000,NA,NA,NA,NA,NA,NA,NA,NA,NA,NA,NA,NA,NA,0,0,1,0,NA,NA,NA,NA,0,0,0.000333333333333333,0,NA,NA,NA,NA,NA,NA,NA,NA,NA,NA,NA,NA,NA,NA,NA,NA,NA
2025-06-15,"Banasa","Resp",9,4,0,0,NA,NA,NA,NA,0,6,3000,NA,NA,NA,NA,NA,NA,NA,NA,NA,NA,0.444444444444444,0,0,NA,NA,NA,NA,0,0.00133333333333333,0,0,NA,NA,NA,NA,0,NA,NA,NA,NA,NA,NA,NA,NA,NA,NA,NA,NA,NA,NA,NA,NA
2025-06-22,"Banasa","Resp",14,0,0,0,NA,NA,NA,NA,0,6,3000,35,4,0,0,NA,NA,NA,NA,0,9000,0,0,0,NA,NA,NA,NA,0,0,0,0,NA,NA,NA,NA,0,0.114285714285714,0,0,NA,NA,NA,NA,0,0.000444444444444444,0,0,NA,NA,NA,0,NA
2025-06-29,"Banasa","Resp",12,0,0,0,NA,NA,NA,NA,0,6,3000,31,0,0,0,NA,NA,NA,NA,0,9000,0,0,0,NA,NA,NA,NA,0,0,0,0,NA,NA,NA,NA,0,0,0,0,NA,NA,NA,NA,0,0,0,0,NA,NA,NA,0,NA
2025-07-06,"Banasa","Resp",5,0,0,0,NA,NA,NA,NA,0,7,3000,22,0,0,0,NA,NA,NA,NA,0,9000,0,0,0,NA,NA,NA,NA,0,0,0,0,NA,NA,NA,NA,0,0,0,0,NA,NA,NA,NA,0,0,0,0,NA,NA,NA,0,NA
2025-07-13,"Banasa","Resp",5,0,0,0,NA,NA,NA,NA,0,7,3000,15,0,0,0,NA,NA,NA,NA,0,9000,0,0,0,NA,NA,NA,NA,0,0,0,0,NA,NA,NA,NA,0,0,0,0,NA,NA,NA,NA,0,0,0,0,NA,NA,NA,0,NA
2025-07-20,"Banasa","Resp",5,0,0,0,NA,NA,NA,NA,0,7,3000,12,0,0,0,NA,NA,NA,NA,0,9000,0,0,0,NA,NA,NA,NA,0,0,0,0,NA,NA,NA,NA,0,0,0,0,NA,NA,NA,NA,0,0,0,0,NA,NA,NA,0,NA
2025-07-27,"Banasa","Resp",2,0,0,0,NA,NA,NA,NA,0,7,3000,10,0,0,0,NA,NA,NA,NA,0,9000,0,0,0,NA,NA,NA,NA,0,0,0,0,NA,NA,NA,NA,0,0,0,0,NA,NA,NA,NA,0,0,0,0,NA,NA,NA,0,NA
2025-08-03,"Banasa","Resp",3,0,0,0,NA,NA,NA,NA,0,8,3000,9,0,0,0,NA,NA,NA,NA,0,9000,0,0,0,NA,NA,NA,NA,0,0,0,0,NA,NA,NA,NA,0,0,0,0,NA,NA,NA,NA,0,0,0,0,NA,NA,NA,0,NA
2025-08-10,"Banasa","Resp",4,0,0,0,NA,NA,NA,NA,0,8,3000,12,0,0,0,NA,NA,NA,NA,0,9000,0,0,0,NA,NA,NA,NA,0,0,0,0,NA,NA,NA,NA,0,0,0,0,NA,NA,NA,NA,0,0,0,0,NA,NA,NA,0,NA
2025-08-17,"Banasa","Resp",5,0,0,0,NA,NA,NA,NA,0,8,3000,20,0,0,1,NA,NA,NA,NA,1,9000,0,0,0,NA,NA,NA,NA,0,0,0,0,NA,NA,NA,NA,0,0,0,0.05,NA,NA,NA,NA,0.05,0,0,0.000111111111111111,NA,NA,NA,0.000111111111111111,NA
2025-08-24,"Banasa","Resp",11,0,0,1,NA,NA,NA,NA,1,8,3000,19,0,0,1,NA,NA,NA,NA,2,9000,0,0,0.0909090909090909,NA,NA,NA,NA,0.0909090909090909,0,0,0.000333333333333333,NA,NA,NA,NA,0.000333333333333333,0,0,0.0526315789473684,NA,NA,NA,NA,0.105263157894737,0,0,0.000111111111111111,NA,NA,NA,0.000222222222222222,NA
2025-08-31,"Banasa","Resp",3,0,0,0,NA,NA,NA,NA,1,8,3000,17,0,0,1,NA,NA,NA,NA,3,9000,0,0,0,NA,NA,NA,NA,0.333333333333333,0,0,0,NA,NA,NA,NA,0.000333333333333333,0,0,0.0588235294117647,NA,NA,NA,NA,0.176470588235294,0,0,0.000111111111111111,NA,NA,NA,0.000333333333333333,NA
2025-09-07,"Banasa","Resp",3,0,0,0,NA,NA,NA,NA,1,9,3000,10,0,0,0,NA,NA,NA,NA,2,9000,0,0,0,NA,NA,NA,NA,0.333333333333333,0,0,0,NA,NA,NA,NA,0.000333333333333333,0,0,0,NA,NA,NA,NA,0.2,0,0,0,NA,NA,NA,0.000222222222222222,NA
2025-09-14,"Banasa","Resp",4,0,0,0,NA,NA,NA,NA,0,9,3000,18,0,0,0,NA,NA,NA,NA,1,9000,0,0,0,NA,NA,NA,NA,0,0,0,0,NA,NA,NA,NA,0,0,0,0,NA,NA,NA,NA,0.0555555555555556,0,0,0,NA,NA,NA,0.000111111111111111,NA
2025-09-21,"Banasa","Resp",11,0,0,0,NA,NA,NA,NA,0,9,3000,19,0,0,0,NA,NA,NA,NA,0,9000,0,0,0,NA,NA,NA,NA,0,0,0,0,NA,NA,NA,NA,0,0,0,0,NA,NA,NA,NA,0,0,0,0,NA,NA,NA,0,NA
2025-09-28,"Banasa","Resp",4,0,0,0,NA,NA,NA,NA,0,9,3000,25,0,0,0,NA,NA,NA,NA,1,8000,0,0,0,NA,NA,NA,NA,0,0,0,0,NA,NA,NA,NA,0,0,0,0,NA,NA,NA,NA,0.04,0,0,0,NA,NA,NA,0.000125,NA
2025-10-05,"Banasa","Resp",10,0,0,0,NA,NA,NA,NA,1,10,2000,25,0,0,0,NA,NA,NA,NA,5,7000,0,0,0,NA,NA,NA,NA,0.1,0,0,0,NA,NA,NA,NA,5e-04,0,0,0,NA,NA,NA,NA,0.2,0,0,0,NA,NA,NA,0.000714285714285714,NA
2025-10-12,"Banasa","Resp",11,0,0,0,NA,NA,NA,NA,4,10,2000,27,3,0,1,NA,NA,NA,NA,8,6000,0,0,0,NA,NA,NA,NA,0.363636363636364,0,0,0,NA,NA,NA,NA,0.002,0.111111111111111,0,0.037037037037037,NA,NA,NA,NA,0.296296296296296,5e-04,0,0.000166666666666667,NA,NA,NA,0.00133333333333333,NA
2025-10-19,"Banasa","Resp",6,3,0,1,NA,NA,NA,NA,3,10,2000,34,3,0,2,NA,NA,NA,NA,7,6000,0.5,0,0.166666666666667,NA,NA,NA,NA,0.5,0.0015,0,5e-04,NA,NA,NA,NA,0.0015,0.0882352941176471,0,0.0588235294117647,NA,NA,NA,NA,0.205882352941176,5e-04,0,0.000333333333333333,NA,NA,NA,0.00116666666666667,NA
2025-10-26,"Banasa","Resp",17,0,0,1,NA,NA,NA,NA,0,10,2000,36,3,0,2,NA,NA,NA,NA,3,6000,0,0,0.0588235294117647,NA,NA,NA,NA,0,0,0,5e-04,NA,NA,NA,NA,0,0.0833333333333333,0,0.0555555555555556,NA,NA,NA,NA,0.0833333333333333,5e-04,0,0.000333333333333333,NA,NA,NA,5e-04,NA
2025-11-02,"Banasa","Resp",13,0,0,0,NA,NA,NA,NA,0,11,2000,40,0,0,3,NA,NA,NA,NA,0,6000,0,0,0,NA,NA,NA,NA,0,0,0,0,NA,NA,NA,NA,0,0,0,0.075,NA,NA,NA,NA,0,0,0,5e-04,NA,NA,NA,0,NA
2025-11-09,"Banasa","Resp",10,0,0,2,NA,NA,NA,NA,0,11,2000,29,2,0,3,NA,NA,NA,NA,0,6000,0,0,0.2,NA,NA,NA,NA,0,0,0,0.001,NA,NA,NA,NA,0,0.0689655172413793,0,0.103448275862069,NA,NA,NA,NA,0,0.000333333333333333,0,5e-04,NA,NA,NA,0,NA
2025-11-16,"Banasa","Resp",6,2,0,1,NA,NA,NA,NA,0,11,2000,34,7,0,5,NA,NA,NA,NA,1,6000,0.333333333333333,0,0.166666666666667,NA,NA,NA,NA,0,0.001,0,5e-04,NA,NA,NA,NA,0,0.205882352941176,0,0.147058823529412,NA,NA,NA,NA,0.0294117647058824,0.00116666666666667,0,0.000833333333333333,NA,NA,NA,0.000166666666666667,NA
2025-11-23,"Banasa","Resp",18,5,0,2,NA,NA,NA,NA,1,11,2000,35,8,0,4,NA,NA,NA,NA,4,6000,0.277777777777778,0,0.111111111111111,NA,NA,NA,NA,0.0555555555555556,0.0025,0,0.001,NA,NA,NA,NA,5e-04,0.228571428571429,0,0.114285714285714,NA,NA,NA,NA,0.114285714285714,0.00133333333333333,0,0.000666666666666667,NA,NA,NA,0.000666666666666667,NA
2025-11-30,"Banasa","Resp",11,1,0,1,NA,NA,NA,NA,3,11,2000,43,6,0,6,NA,NA,NA,NA,6,6000,0.0909090909090909,0,0.0909090909090909,NA,NA,NA,NA,0.272727272727273,5e-04,0,5e-04,NA,NA,NA,NA,0.0015,0.13953488372093,0,0.13953488372093,NA,NA,NA,NA,0.13953488372093,0.001,0,0.001,NA,NA,NA,0.001,NA
2025-12-07,"Banasa","Resp",14,0,0,3,NA,NA,NA,NA,2,12,2000,36,2,0,5,NA,NA,NA,NA,6,6000,0,0,0.214285714285714,NA,NA,NA,NA,0.142857142857143,0,0,0.0015,NA,NA,NA,NA,0.001,0.0555555555555556,0,0.138888888888889,NA,NA,NA,NA,0.166666666666667,0.000333333333333333,0,0.000833333333333333,NA,NA,NA,0.001,NA
2025-12-14,"Banasa","Resp",11,1,0,1,NA,NA,NA,NA,1,12,2000,32,3,0,4,NA,NA,NA,NA,3,6000,0.0909090909090909,0,0.0909090909090909,NA,NA,NA,NA,0.0909090909090909,5e-04,0,5e-04,NA,NA,NA,NA,5e-04,0.09375,0,0.125,NA,NA,NA,NA,0.09375,5e-04,0,0.000666666666666667,NA,NA,NA,5e-04,NA
2025-12-21,"Banasa","Resp",7,2,0,0,NA,NA,NA,NA,0,12,2000,24,4,0,2,NA,NA,NA,NA,1,6000,0.285714285714286,0,0,NA,NA,NA,NA,0,0.001,0,0,NA,NA,NA,NA,0,0.166666666666667,0,0.0833333333333333,NA,NA,NA,NA,0.0416666666666667,0.000666666666666667,0,0.000333333333333333,NA,NA,NA,0.000166666666666667,NA
2025-12-28,"Banasa","Resp",6,1,0,1,NA,NA,NA,NA,0,12,2000,27,6,0,1,NA,NA,NA,NA,0,6000,0.166666666666667,0,0.166666666666667,NA,NA,NA,NA,0,5e-04,0,5e-04,NA,NA,NA,NA,0,0.222222222222222,0,0.037037037037037,NA,NA,NA,NA,0,0.001,0,0.000166666666666667,NA,NA,NA,0,NA
2026-01-04,"Banasa","Resp",14,3,0,0,NA,NA,NA,NA,0,1,2000,32,4,1,2,NA,NA,NA,NA,0,6000,0.214285714285714,0,0,NA,NA,NA,NA,0,0.0015,0,0,NA,NA,NA,NA,0,0.125,0.03125,0.0625,NA,NA,NA,NA,0,0.000666666666666667,0.000166666666666667,0.000333333333333333,NA,NA,NA,0,NA
2026-01-11,"Banasa","Resp",12,0,1,1,NA,NA,NA,NA,0,1,2000,33,3,1,1,NA,NA,NA,NA,0,6000,0,0.0833333333333333,0.0833333333333333,NA,NA,NA,NA,0,0,5e-04,5e-04,NA,NA,NA,NA,0,0.0909090909090909,0.0303030303030303,0.0303030303030303,NA,NA,NA,NA,0,5e-04,0.000166666666666667,0.000166666666666667,NA,NA,NA,0,NA
2026-01-18,"Banasa","Resp",7,0,0,0,NA,NA,NA,NA,0,1,2000,25,0,1,1,NA,NA,NA,NA,0,6000,0,0,0,NA,NA,NA,NA,0,0,0,0,NA,NA,NA,NA,0,0,0.04,0.04,NA,NA,NA,NA,0,0,0.000166666666666667,0.000166666666666667,NA,NA,NA,0,NA
2026-01-25,"Banasa","Resp",6,0,0,0,NA,NA,NA,NA,0,1,2000,20,0,0,0,NA,NA,NA,NA,0,6000,0,0,0,NA,NA,NA,NA,0,0,0,0,NA,NA,NA,NA,0,0,0,0,NA,NA,NA,NA,0,0,0,0,NA,NA,NA,0,NA
2026-02-01,"Banasa","Resp",7,0,0,0,NA,NA,NA,NA,0,2,2000,19,0,0,0,NA,NA,NA,NA,0,6000,0,0,0,NA,NA,NA,NA,0,0,0,0,NA,NA,NA,NA,0,0,0,0,NA,NA,NA,NA,0,0,0,0,NA,NA,NA,0,NA
2026-02-08,"Banasa","Resp",6,0,0,0,NA,NA,NA,NA,0,2,2000,21,0,0,0,NA,NA,NA,NA,0,6000,0,0,0,NA,NA,NA,NA,0,0,0,0,NA,NA,NA,NA,0,0,0,0,NA,NA,NA,NA,0,0,0,0,NA,NA,NA,0,NA
2026-02-15,"Banasa","Resp",8,0,0,0,NA,NA,NA,NA,0,2,2000,27,2,0,0,NA,NA,NA,NA,0,6000,0,0,0,NA,NA,NA,NA,0,0,0,0,NA,NA,NA,NA,0,0.0740740740740741,0,0,NA,NA,NA,NA,0,0.000333333333333333,0,0,NA,NA,NA,0,NA
2026-02-22,"Banasa","Resp",13,2,0,0,NA,NA,NA,NA,0,2,2000,26,3,0,0,NA,NA,NA,NA,0,6000,0.153846153846154,0,0,NA,NA,NA,NA,0,0.001,0,0,NA,NA,NA,NA,0,0.115384615384615,0,0,NA,NA,NA,NA,0,5e-04,0,0,NA,NA,NA,0,NA
2026-03-01,"Banasa","Resp",5,1,0,0,NA,NA,NA,NA,0,3,2000,30,4,0,0,NA,NA,NA,NA,0,6000,0.2,0,0,NA,NA,NA,NA,0,5e-04,0,0,NA,NA,NA,NA,0,0.133333333333333,0,0,NA,NA,NA,NA,0,0.000666666666666667,0,0,NA,NA,NA,0,NA
2026-03-08,"Banasa","Resp",12,1,0,0,NA,NA,NA,NA,0,3,2000,25,4,0,0,NA,NA,NA,NA,0,6000,0.0833333333333333,0,0,NA,NA,NA,NA,0,5e-04,0,0,NA,NA,NA,NA,0,0.16,0,0,NA,NA,NA,NA,0,0.000666666666666667,0,0,NA,NA,NA,0,NA
2026-03-15,"Banasa","Resp",8,2,0,0,NA,NA,NA,NA,0,3,2000,27,5,0,0,NA,NA,NA,NA,0,6000,0.25,0,0,NA,NA,NA,NA,0,0.001,0,0,NA,NA,NA,NA,0,0.185185185185185,0,0,NA,NA,NA,NA,0,0.000833333333333333,0,0,NA,NA,NA,0,NA
2026-03-22,"Banasa","Resp",7,2,0,0,NA,NA,NA,NA,0,3,2000,24,4,0,1,NA,NA,NA,NA,0,6000,0.285714285714286,0,0,NA,NA,NA,NA,0,0.001,0,0,NA,NA,NA,NA,0,0.166666666666667,0,0.0416666666666667,NA,NA,NA,NA,0,0.000666666666666667,0,0.000166666666666667,NA,NA,NA,0,NA
2026-03-29,"Banasa","Resp",9,0,0,1,NA,NA,NA,NA,0,3,2000,25,4,0,1,NA,NA,NA,NA,0,7000,0,0,0.111111111111111,NA,NA,NA,NA,0,0,0,5e-04,NA,NA,NA,NA,0,0.16,0,0.04,NA,NA,NA,NA,0,0.000571428571428571,0,0.000142857142857143,NA,NA,NA,0,NA
2026-04-05,"Banasa","Resp",9,2,0,0,NA,NA,NA,NA,0,4,3000,25,3,0,1,NA,NA,NA,NA,0,8000,0.222222222222222,0,0,NA,NA,NA,NA,0,0.000666666666666667,0,0,NA,NA,NA,NA,0,0.12,0,0.04,NA,NA,NA,NA,0,0.000375,0,0.000125,NA,NA,NA,0,NA
2026-04-19,"Banasa","Resp",7,1,0,0,NA,NA,NA,NA,0,4,3000,19,3,0,0,NA,NA,NA,NA,0,9000,0.142857142857143,0,0,NA,NA,NA,NA,0,0.000333333333333333,0,0,NA,NA,NA,NA,0,0.157894736842105,0,0,NA,NA,NA,NA,0,0.000333333333333333,0,0,NA,NA,NA,0,NA
2026-04-26,"Banasa","Resp",3,0,0,0,NA,NA,NA,NA,0,4,3000,13,1,0,0,NA,NA,NA,NA,0,9000,0,0,0,NA,NA,NA,NA,0,0,0,0,NA,NA,NA,NA,0,0.0769230769230769,0,0,NA,NA,NA,NA,0,0.000111111111111111,0,0,NA,NA,NA,0,NA
2026-05-03,"Banasa","Resp",3,0,0,0,NA,NA,NA,NA,0,5,3000,13,0,0,0,NA,NA,NA,NA,0,9000,0,0,0,NA,NA,NA,NA,0,0,0,0,NA,NA,NA,NA,0,0,0,0,NA,NA,NA,NA,0,0,0,0,NA,NA,NA,0,NA
2026-05-10,"Banasa","Resp",7,0,0,0,NA,NA,NA,NA,0,5,3000,20,0,0,0,NA,NA,NA,NA,0,9000,0,0,0,NA,NA,NA,NA,0,0,0,0,NA,NA,NA,NA,0,0,0,0,NA,NA,NA,NA,0,0,0,0,NA,NA,NA,0,NA
2026-05-17,"Banasa","Resp",10,0,0,0,NA,NA,NA,NA,0,5,3000,23,2,0,0,NA,NA,NA,NA,0,9000,0,0,0,NA,NA,NA,NA,0,0,0,0,NA,NA,NA,NA,0,0.0869565217391304,0,0,NA,NA,NA,NA,0,0.000222222222222222,0,0,NA,NA,NA,0,NA
2026-05-24,"Banasa","Resp",6,2,0,0,NA,NA,NA,NA,0,5,3000,25,2,0,0,NA,NA,NA,NA,0,9000,0.333333333333333,0,0,NA,NA,NA,NA,0,0.000666666666666667,0,0,NA,NA,NA,NA,0,0.08,0,0,NA,NA,NA,NA,0,0.000222222222222222,0,0,NA,NA,NA,0,NA
2026-05-31,"Banasa","Resp",9,0,0,0,NA,NA,NA,NA,0,5,3000,23,3,0,0,NA,NA,NA,NA,0,9000,0,0,0,NA,NA,NA,NA,0,0,0,0,NA,NA,NA,NA,0,0.130434782608696,0,0,NA,NA,NA,NA,0,0.000333333333333333,0,0,NA,NA,NA,0,NA
2026-06-07,"Banasa","Resp",8,1,0,0,NA,NA,NA,NA,0,6,3000,25,1,0,0,NA,NA,NA,NA,0,9000,0.125,0,0,NA,NA,NA,NA,0,0.000333333333333333,0,0,NA,NA,NA,NA,0,0.04,0,0,NA,NA,NA,NA,0,0.000111111111111111,0,0,NA,NA,NA,0,NA
2026-06-14,"Banasa","Resp",8,0,0,0,NA,NA,NA,NA,0,6,3000,26,1,0,0,NA,NA,NA,NA,0,9000,0,0,0,NA,NA,NA,NA,0,0,0,0,NA,NA,NA,NA,0,0.0384615384615385,0,0,NA,NA,NA,NA,0,0.000111111111111111,0,0,NA,NA,NA,0,NA
2026-06-21,"Banasa","Resp",10,0,0,0,NA,NA,NA,NA,0,6,3000,27,0,0,0,NA,NA,NA,NA,0,9000,0,0,0,NA,NA,NA,NA,0,0,0,0,NA,NA,NA,NA,0,0,0,0,NA,NA,NA,NA,0,0,0,0,NA,NA,NA,0,NA
2026-06-28,"Banasa","Resp",9,0,0,0,NA,NA,NA,NA,0,6,3000,24,0,0,0,NA,NA,NA,NA,2,9000,0,0,0,NA,NA,NA,NA,0,0,0,0,NA,NA,NA,NA,0,0,0,0,NA,NA,NA,NA,0.0833333333333333,0,0,0,NA,NA,NA,0.000222222222222222,NA
2026-07-05,"Banasa","Resp",5,0,0,0,NA,NA,NA,NA,2,7,3000,27,0,0,0,NA,NA,NA,NA,4,9000,0,0,0,NA,NA,NA,NA,0.4,0,0,0,NA,NA,NA,NA,0.000666666666666667,0,0,0,NA,NA,NA,NA,0.148148148148148,0,0,0,NA,NA,NA,0.000444444444444444,NA
2026-07-12,"Banasa","Resp",13,0,0,0,NA,NA,NA,NA,2,7,3000,33,0,1,1,NA,NA,NA,NA,6,9000,0,0,0,NA,NA,NA,NA,0.153846153846154,0,0,0,NA,NA,NA,NA,0.000666666666666667,0,0.0303030303030303,0.0303030303030303,NA,NA,NA,NA,0.181818181818182,0,0.000111111111111111,0.000111111111111111,NA,NA,NA,0.000666666666666667,NA
2026-07-19,"Banasa","Resp",15,0,1,1,NA,NA,NA,NA,2,7,3000,35,0,1,2,NA,NA,NA,NA,5,9000,0,0.0666666666666667,0.0666666666666667,NA,NA,NA,NA,0.133333333333333,0,0.000333333333333333,0.000333333333333333,NA,NA,NA,NA,0.000666666666666667,0,0.0285714285714286,0.0571428571428571,NA,NA,NA,NA,0.142857142857143,0,0.000111111111111111,0.000222222222222222,NA,NA,NA,0.000555555555555556,NA
2026-07-26,"Banasa","Resp",7,0,0,1,NA,NA,NA,NA,1,7,3000,27,0,1,2,NA,NA,NA,NA,4,9000,0,0,0.142857142857143,NA,NA,NA,NA,0.142857142857143,0,0,0.000333333333333333,NA,NA,NA,NA,0.000333333333333333,0,0.037037037037037,0.0740740740740741,NA,NA,NA,NA,0.148148148148148,0,0.000111111111111111,0.000222222222222222,NA,NA,NA,0.000444444444444444,NA
2026-08-02,"Banasa","Resp",5,0,0,0,NA,NA,NA,NA,1,8,3000,16,0,0,1,NA,NA,NA,NA,2,9000,0,0,0,NA,NA,NA,NA,0.2,0,0,0,NA,NA,NA,NA,0.000333333333333333,0,0,0.0625,NA,NA,NA,NA,0.125,0,0,0.000111111111111111,NA,NA,NA,0.000222222222222222,NA
2026-08-09,"Banasa","Resp",4,0,0,0,NA,NA,NA,NA,0,8,3000,17,0,0,0,NA,NA,NA,NA,2,9000,0,0,0,NA,NA,NA,NA,0,0,0,0,NA,NA,NA,NA,0,0,0,0,NA,NA,NA,NA,0.117647058823529,0,0,0,NA,NA,NA,0.000222222222222222,NA
2026-08-16,"Banasa","Resp",8,0,0,0,NA,NA,NA,NA,1,8,3000,21,0,0,0,NA,NA,NA,NA,1,9000,0,0,0,NA,NA,NA,NA,0.125,0,0,0,NA,NA,NA,NA,0.000333333333333333,0,0,0,NA,NA,NA,NA,0.0476190476190476,0,0,0,NA,NA,NA,0.000111111111111111,NA
2026-08-23,"Banasa","Resp",9,0,0,0,NA,NA,NA,NA,0,8,3000,19,0,1,0,NA,NA,NA,NA,1,9000,0,0,0,NA,NA,NA,NA,0,0,0,0,NA,NA,NA,NA,0,0,0.0526315789473684,0,NA,NA,NA,NA,0.0526315789473684,0,0.000111111111111111,0,NA,NA,NA,0.000111111111111111,NA
2026-08-30,"Banasa","Resp",2,0,1,0,NA,NA,NA,NA,0,8,3000,NA,NA,NA,NA,NA,NA,NA,NA,NA,NA,0,0.5,0,NA,NA,NA,NA,0,0,0.000333333333333333,0,NA,NA,NA,NA,0,NA,NA,NA,NA,NA,NA,NA,NA,NA,NA,NA,NA,NA,NA,NA,NA
2025-07-20,"Pantaleon","Deng",4,NA,NA,NA,0,0,3,0,NA,7,5000,NA,NA,NA,NA,NA,NA,NA,NA,NA,NA,NA,NA,NA,0,0,0.75,0,NA,NA,NA,NA,0,0,6e-04,0,NA,NA,NA,NA,NA,NA,NA,NA,NA,NA,NA,NA,NA,NA,NA,NA,NA
2025-08-03,"Pantaleon","Deng",4,NA,NA,NA,0,0,2,0,NA,8,5000,11,NA,NA,NA,0,0,8,0,NA,15000,NA,NA,NA,0,0,0.5,0,NA,NA,NA,NA,0,0,4e-04,0,NA,NA,NA,NA,0,0,0.727272727272727,0,NA,NA,NA,NA,0,0,0.000533333333333333,NA,0
2025-08-10,"Pantaleon","Deng",3,NA,NA,NA,0,0,3,0,NA,8,5000,9,NA,NA,NA,0,0,7,0,NA,15000,NA,NA,NA,0,0,1,0,NA,NA,NA,NA,0,0,6e-04,0,NA,NA,NA,NA,0,0,0.777777777777778,0,NA,NA,NA,NA,0,0,0.000466666666666667,NA,0
2025-08-17,"Pantaleon","Deng",2,NA,NA,NA,0,0,2,0,NA,8,5000,7,NA,NA,NA,0,0,7,0,NA,15000,NA,NA,NA,0,0,1,0,NA,NA,NA,NA,0,0,4e-04,0,NA,NA,NA,NA,0,0,1,0,NA,NA,NA,NA,0,0,0.000466666666666667,NA,0
2025-08-24,"Pantaleon","Deng",2,NA,NA,NA,0,0,2,0,NA,8,5000,5,NA,NA,NA,0,0,4,0,NA,15000,NA,NA,NA,0,0,1,0,NA,NA,NA,NA,0,0,4e-04,0,NA,NA,NA,NA,0,0,0.8,0,NA,NA,NA,NA,0,0,0.000266666666666667,NA,0
2025-09-07,"Pantaleon","Deng",1,NA,NA,NA,0,0,0,0,NA,9,5000,6,NA,NA,NA,0,1,5,1,NA,15000,NA,NA,NA,0,0,0,0,NA,NA,NA,NA,0,0,0,0,NA,NA,NA,NA,0,0.166666666666667,0.833333333333333,0.166666666666667,NA,NA,NA,NA,0,6.66666666666667e-05,0.000333333333333333,NA,6.66666666666667e-05
2025-09-14,"Pantaleon","Deng",3,NA,NA,NA,0,1,3,1,NA,9,5000,7,NA,NA,NA,0,1,6,1,NA,15000,NA,NA,NA,0,0.333333333333333,1,0.333333333333333,NA,NA,NA,NA,0,2e-04,6e-04,2e-04,NA,NA,NA,NA,0,0.142857142857143,0.857142857142857,0.142857142857143,NA,NA,NA,NA,0,6.66666666666667e-05,4e-04,NA,6.66666666666667e-05
2025-09-21,"Pantaleon","Deng",3,NA,NA,NA,0,0,3,0,NA,9,5000,12,NA,NA,NA,0,1,12,1,NA,15000,NA,NA,NA,0,0,1,0,NA,NA,NA,NA,0,0,6e-04,0,NA,NA,NA,NA,0,0.0833333333333333,1,0.0833333333333333,NA,NA,NA,NA,0,6.66666666666667e-05,8e-04,NA,6.66666666666667e-05
2025-09-28,"Pantaleon","Deng",6,NA,NA,NA,0,0,6,0,NA,9,5000,12,NA,NA,NA,0,0,11,0,NA,15000,NA,NA,NA,0,0,1,0,NA,NA,NA,NA,0,0,0.0012,0,NA,NA,NA,NA,0,0,0.916666666666667,0,NA,NA,NA,NA,0,0,0.000733333333333333,NA,0
2025-10-05,"Pantaleon","Deng",3,NA,NA,NA,0,0,2,0,NA,10,5000,11,NA,NA,NA,0,0,10,0,NA,15000,NA,NA,NA,0,0,0.666666666666667,0,NA,NA,NA,NA,0,0,4e-04,0,NA,NA,NA,NA,0,0,0.909090909090909,0,NA,NA,NA,NA,0,0,0.000666666666666667,NA,0
2025-10-12,"Pantaleon","Deng",2,NA,NA,NA,0,0,2,0,NA,10,5000,7,NA,NA,NA,0,0,5,0,NA,15000,NA,NA,NA,0,0,1,0,NA,NA,NA,NA,0,0,4e-04,0,NA,NA,NA,NA,0,0,0.714285714285714,0,NA,NA,NA,NA,0,0,0.000333333333333333,NA,0
2025-10-19,"Pantaleon","Deng",2,NA,NA,NA,0,0,1,0,NA,10,5000,6,NA,NA,NA,0,0,5,0,NA,17000,NA,NA,NA,0,0,0.5,0,NA,NA,NA,NA,0,0,2e-04,0,NA,NA,NA,NA,0,0,0.833333333333333,0,NA,NA,NA,NA,0,0,0.000294117647058824,NA,0
2025-11-02,"Pantaleon","Deng",2,NA,NA,NA,0,0,2,0,NA,11,7000,6,NA,NA,NA,0,0,4,0,NA,19000,NA,NA,NA,0,0,1,0,NA,NA,NA,NA,0,0,0.000285714285714286,0,NA,NA,NA,NA,0,0,0.666666666666667,0,NA,NA,NA,NA,0,0,0.000210526315789474,NA,0
2025-11-16,"Pantaleon","Deng",2,NA,NA,NA,0,0,1,0,NA,11,7000,8,NA,NA,NA,0,0,7,0,NA,21000,NA,NA,NA,0,0,0.5,0,NA,NA,NA,NA,0,0,0.000142857142857143,0,NA,NA,NA,NA,0,0,0.875,0,NA,NA,NA,NA,0,0,0.000333333333333333,NA,0
2025-11-30,"Pantaleon","Deng",4,NA,NA,NA,0,0,4,0,NA,11,7000,9,NA,NA,NA,0,0,8,0,NA,21000,NA,NA,NA,0,0,1,0,NA,NA,NA,NA,0,0,0.000571428571428571,0,NA,NA,NA,NA,0,0,0.888888888888889,0,NA,NA,NA,NA,0,0,0.000380952380952381,NA,0
2025-12-14,"Pantaleon","Deng",3,NA,NA,NA,0,0,3,0,NA,12,7000,9,NA,NA,NA,0,0,9,0,NA,21000,NA,NA,NA,0,0,1,0,NA,NA,NA,NA,0,0,0.000428571428571429,0,NA,NA,NA,NA,0,0,1,0,NA,NA,NA,NA,0,0,0.000428571428571429,NA,0
2025-12-21,"Pantaleon","Deng",2,NA,NA,NA,0,0,2,0,NA,12,7000,7,NA,NA,NA,0,0,6,0,NA,21000,NA,NA,NA,0,0,1,0,NA,NA,NA,NA,0,0,0.000285714285714286,0,NA,NA,NA,NA,0,0,0.857142857142857,0,NA,NA,NA,NA,0,0,0.000285714285714286,NA,0
2025-12-28,"Pantaleon","Deng",2,NA,NA,NA,0,0,1,0,NA,12,7000,6,NA,NA,NA,1,0,4,1,NA,21000,NA,NA,NA,0,0,0.5,0,NA,NA,NA,NA,0,0,0.000142857142857143,0,NA,NA,NA,NA,0.166666666666667,0,0.666666666666667,0.166666666666667,NA,NA,NA,NA,4.76190476190476e-05,0,0.00019047619047619,NA,4.76190476190476e-05
2026-01-04,"Pantaleon","Deng",2,NA,NA,NA,1,0,1,1,NA,1,7000,6,NA,NA,NA,1,0,4,1,NA,21000,NA,NA,NA,0.5,0,0.5,0.5,NA,NA,NA,NA,0.000142857142857143,0,0.000142857142857143,0.000142857142857143,NA,NA,NA,NA,0.166666666666667,0,0.666666666666667,0.166666666666667,NA,NA,NA,NA,4.76190476190476e-05,0,0.00019047619047619,NA,4.76190476190476e-05
2026-01-11,"Pantaleon","Deng",2,NA,NA,NA,0,0,2,0,NA,1,7000,7,NA,NA,NA,1,0,4,1,NA,21000,NA,NA,NA,0,0,1,0,NA,NA,NA,NA,0,0,0.000285714285714286,0,NA,NA,NA,NA,0.142857142857143,0,0.571428571428571,0.142857142857143,NA,NA,NA,NA,4.76190476190476e-05,0,0.00019047619047619,NA,4.76190476190476e-05
2026-01-25,"Pantaleon","Deng",3,NA,NA,NA,0,0,1,0,NA,1,7000,7,NA,NA,NA,0,0,5,0,NA,21000,NA,NA,NA,0,0,0.333333333333333,0,NA,NA,NA,NA,0,0,0.000142857142857143,0,NA,NA,NA,NA,0,0,0.714285714285714,0,NA,NA,NA,NA,0,0,0.000238095238095238,NA,0
2026-02-01,"Pantaleon","Deng",2,NA,NA,NA,0,0,2,0,NA,2,7000,9,NA,NA,NA,0,0,7,0,NA,21000,NA,NA,NA,0,0,1,0,NA,NA,NA,NA,0,0,0.000285714285714286,0,NA,NA,NA,NA,0,0,0.777777777777778,0,NA,NA,NA,NA,0,0,0.000333333333333333,NA,0
2026-02-08,"Pantaleon","Deng",4,NA,NA,NA,0,0,4,0,NA,2,7000,9,NA,NA,NA,0,0,9,0,NA,21000,NA,NA,NA,0,0,1,0,NA,NA,NA,NA,0,0,0.000571428571428571,0,NA,NA,NA,NA,0,0,1,0,NA,NA,NA,NA,0,0,0.000428571428571429,NA,0
2026-02-15,"Pantaleon","Deng",3,NA,NA,NA,0,0,3,0,NA,2,7000,14,NA,NA,NA,0,0,14,0,NA,21000,NA,NA,NA,0,0,1,0,NA,NA,NA,NA,0,0,0.000428571428571429,0,NA,NA,NA,NA,0,0,1,0,NA,NA,NA,NA,0,0,0.000666666666666667,NA,0
2026-02-22,"Pantaleon","Deng",7,NA,NA,NA,0,0,7,0,NA,2,7000,13,NA,NA,NA,0,0,13,0,NA,21000,NA,NA,NA,0,0,1,0,NA,NA,NA,NA,0,0,0.001,0,NA,NA,NA,NA,0,0,1,0,NA,NA,NA,NA,0,0,0.000619047619047619,NA,0
2026-03-01,"Pantaleon","Deng",3,NA,NA,NA,0,0,3,0,NA,3,7000,15,NA,NA,NA,0,0,14,0,NA,21000,NA,NA,NA,0,0,1,0,NA,NA,NA,NA,0,0,0.000428571428571429,0,NA,NA,NA,NA,0,0,0.933333333333333,0,NA,NA,NA,NA,0,0,0.000666666666666667,NA,0
2026-03-08,"Pantaleon","Deng",5,NA,NA,NA,0,0,4,0,NA,3,7000,13,NA,NA,NA,0,0,10,0,NA,21000,NA,NA,NA,0,0,0.8,0,NA,NA,NA,NA,0,0,0.000571428571428571,0,NA,NA,NA,NA,0,0,0.769230769230769,0,NA,NA,NA,NA,0,0,0.000476190476190476,NA,0
2026-03-15,"Pantaleon","Deng",5,NA,NA,NA,0,0,3,0,NA,3,7000,12,NA,NA,NA,0,0,8,0,NA,21000,NA,NA,NA,0,0,0.6,0,NA,NA,NA,NA,0,0,0.000428571428571429,0,NA,NA,NA,NA,0,0,0.666666666666667,0,NA,NA,NA,NA,0,0,0.000380952380952381,NA,0
2026-03-22,"Pantaleon","Deng",2,NA,NA,NA,0,0,1,0,NA,3,7000,10,NA,NA,NA,0,0,4,0,NA,21000,NA,NA,NA,0,0,0.5,0,NA,NA,NA,NA,0,0,0.000142857142857143,0,NA,NA,NA,NA,0,0,0.4,0,NA,NA,NA,NA,0,0,0.00019047619047619,NA,0
2026-03-29,"Pantaleon","Deng",3,NA,NA,NA,0,0,0,0,NA,3,7000,8,NA,NA,NA,0,0,3,0,NA,21000,NA,NA,NA,0,0,0,0,NA,NA,NA,NA,0,0,0,0,NA,NA,NA,NA,0,0,0.375,0,NA,NA,NA,NA,0,0,0.000142857142857143,NA,0
2026-04-05,"Pantaleon","Deng",3,NA,NA,NA,0,0,2,0,NA,4,7000,8,NA,NA,NA,0,0,4,0,NA,21000,NA,NA,NA,0,0,0.666666666666667,0,NA,NA,NA,NA,0,0,0.000285714285714286,0,NA,NA,NA,NA,0,0,0.5,0,NA,NA,NA,NA,0,0,0.00019047619047619,NA,0
2026-04-12,"Pantaleon","Deng",2,NA,NA,NA,0,0,2,0,NA,4,7000,10,NA,NA,NA,0,0,9,0,NA,21000,NA,NA,NA,0,0,1,0,NA,NA,NA,NA,0,0,0.000285714285714286,0,NA,NA,NA,NA,0,0,0.9,0,NA,NA,NA,NA,0,0,0.000428571428571429,NA,0
2026-04-19,"Pantaleon","Deng",5,NA,NA,NA,0,0,5,0,NA,4,7000,10,NA,NA,NA,0,0,8,0,NA,21000,NA,NA,NA,0,0,1,0,NA,NA,NA,NA,0,0,0.000714285714285714,0,NA,NA,NA,NA,0,0,0.8,0,NA,NA,NA,NA,0,0,0.000380952380952381,NA,0
2026-04-26,"Pantaleon","Deng",3,NA,NA,NA,0,0,1,0,NA,4,7000,19,NA,NA,NA,0,0,17,0,NA,21000,NA,NA,NA,0,0,0.333333333333333,0,NA,NA,NA,NA,0,0,0.000142857142857143,0,NA,NA,NA,NA,0,0,0.894736842105263,0,NA,NA,NA,NA,0,0,0.00080952380952381,NA,0
2026-05-03,"Pantaleon","Deng",11,NA,NA,NA,0,0,11,0,NA,5,7000,32,NA,NA,NA,0,1,29,1,NA,21000,NA,NA,NA,0,0,1,0,NA,NA,NA,NA,0,0,0.00157142857142857,0,NA,NA,NA,NA,0,0.03125,0.90625,0.03125,NA,NA,NA,NA,0,4.76190476190476e-05,0.00138095238095238,NA,4.76190476190476e-05
2026-05-10,"Pantaleon","Deng",18,NA,NA,NA,0,1,17,1,NA,5,7000,32,NA,NA,NA,0,1,31,1,NA,21000,NA,NA,NA,0,0.0555555555555556,0.944444444444444,0.0555555555555556,NA,NA,NA,NA,0,0.000142857142857143,0.00242857142857143,0.000142857142857143,NA,NA,NA,NA,0,0.03125,0.96875,0.03125,NA,NA,NA,NA,0,4.76190476190476e-05,0.00147619047619048,NA,4.76190476190476e-05
2026-05-17,"Pantaleon","Deng",3,NA,NA,NA,0,0,3,0,NA,5,7000,28,NA,NA,NA,0,1,26,1,NA,21000,NA,NA,NA,0,0,1,0,NA,NA,NA,NA,0,0,0.000428571428571429,0,NA,NA,NA,NA,0,0.0357142857142857,0.928571428571429,0.0357142857142857,NA,NA,NA,NA,0,4.76190476190476e-05,0.00123809523809524,NA,4.76190476190476e-05
2026-05-24,"Pantaleon","Deng",7,NA,NA,NA,0,0,6,0,NA,5,7000,13,NA,NA,NA,1,0,12,1,NA,21000,NA,NA,NA,0,0,0.857142857142857,0,NA,NA,NA,NA,0,0,0.000857142857142857,0,NA,NA,NA,NA,0.0769230769230769,0,0.923076923076923,0.0769230769230769,NA,NA,NA,NA,4.76190476190476e-05,0,0.000571428571428571,NA,4.76190476190476e-05
2026-05-31,"Pantaleon","Deng",3,NA,NA,NA,1,0,3,1,NA,5,7000,13,NA,NA,NA,2,0,11,2,NA,19000,NA,NA,NA,0.333333333333333,0,1,0.333333333333333,NA,NA,NA,NA,0.000142857142857143,0,0.000428571428571429,0.000142857142857143,NA,NA,NA,NA,0.153846153846154,0,0.846153846153846,0.153846153846154,NA,NA,NA,NA,0.000105263157894737,0,0.000578947368421053,NA,0.000105263157894737
2026-06-07,"Pantaleon","Deng",3,NA,NA,NA,1,0,2,1,NA,6,5000,13,NA,NA,NA,3,0,11,3,NA,17000,NA,NA,NA,0.333333333333333,0,0.666666666666667,0.333333333333333,NA,NA,NA,NA,2e-04,0,4e-04,2e-04,NA,NA,NA,NA,0.230769230769231,0,0.846153846153846,0.230769230769231,NA,NA,NA,NA,0.000176470588235294,0,0.000647058823529412,NA,0.000176470588235294
2026-06-14,"Pantaleon","Deng",7,NA,NA,NA,1,0,6,1,NA,6,5000,18,NA,NA,NA,3,0,16,3,NA,15000,NA,NA,NA,0.142857142857143,0,0.857142857142857,0.142857142857143,NA,NA,NA,NA,2e-04,0,0.0012,2e-04,NA,NA,NA,NA,0.166666666666667,0,0.888888888888889,0.166666666666667,NA,NA,NA,NA,2e-04,0,0.00106666666666667,NA,2e-04
2026-06-21,"Pantaleon","Deng",8,NA,NA,NA,1,0,8,1,NA,6,5000,19,NA,NA,NA,2,0,17,2,NA,15000,NA,NA,NA,0.125,0,1,0.125,NA,NA,NA,NA,2e-04,0,0.0016,2e-04,NA,NA,NA,NA,0.105263157894737,0,0.894736842105263,0.105263157894737,NA,NA,NA,NA,0.000133333333333333,0,0.00113333333333333,NA,0.000133333333333333
2026-06-28,"Pantaleon","Deng",4,NA,NA,NA,0,0,3,0,NA,6,5000,15,NA,NA,NA,1,0,13,1,NA,15000,NA,NA,NA,0,0,0.75,0,NA,NA,NA,NA,0,0,6e-04,0,NA,NA,NA,NA,0.0666666666666667,0,0.866666666666667,0.0666666666666667,NA,NA,NA,NA,6.66666666666667e-05,0,0.000866666666666667,NA,6.66666666666667e-05
2026-07-12,"Pantaleon","Deng",3,NA,NA,NA,0,0,2,0,NA,7,5000,13,NA,NA,NA,0,0,11,0,NA,15000,NA,NA,NA,0,0,0.666666666666667,0,NA,NA,NA,NA,0,0,4e-04,0,NA,NA,NA,NA,0,0,0.846153846153846,0,NA,NA,NA,NA,0,0,0.000733333333333333,NA,0
2026-07-19,"Pantaleon","Deng",6,NA,NA,NA,0,0,6,0,NA,7,5000,12,NA,NA,NA,2,0,9,2,NA,15000,NA,NA,NA,0,0,1,0,NA,NA,NA,NA,0,0,0.0012,0,NA,NA,NA,NA,0.166666666666667,0,0.75,0.166666666666667,NA,NA,NA,NA,0.000133333333333333,0,6e-04,NA,0.000133333333333333
2026-07-26,"Pantaleon","Deng",3,NA,NA,NA,2,0,1,2,NA,7,5000,11,NA,NA,NA,2,0,8,2,NA,15000,NA,NA,NA,0.666666666666667,0,0.333333333333333,0.666666666666667,NA,NA,NA,NA,4e-04,0,2e-04,4e-04,NA,NA,NA,NA,0.181818181818182,0,0.727272727272727,0.181818181818182,NA,NA,NA,NA,0.000133333333333333,0,0.000533333333333333,NA,0.000133333333333333
2026-08-02,"Pantaleon","Deng",2,NA,NA,NA,0,0,1,0,NA,8,5000,14,NA,NA,NA,5,0,7,5,NA,15000,NA,NA,NA,0,0,0.5,0,NA,NA,NA,NA,0,0,2e-04,0,NA,NA,NA,NA,0.357142857142857,0,0.5,0.357142857142857,NA,NA,NA,NA,0.000333333333333333,0,0.000466666666666667,NA,0.000333333333333333
2026-08-09,"Pantaleon","Deng",9,NA,NA,NA,3,0,5,3,NA,8,5000,20,NA,NA,NA,3,0,13,3,NA,15000,NA,NA,NA,0.333333333333333,0,0.555555555555556,0.333333333333333,NA,NA,NA,NA,6e-04,0,0.001,6e-04,NA,NA,NA,NA,0.15,0,0.65,0.15,NA,NA,NA,NA,2e-04,0,0.000866666666666667,NA,2e-04
2026-08-16,"Pantaleon","Deng",9,NA,NA,NA,0,0,7,0,NA,8,5000,20,NA,NA,NA,3,0,14,3,NA,15000,NA,NA,NA,0,0,0.777777777777778,0,NA,NA,NA,NA,0,0,0.0014,0,NA,NA,NA,NA,0.15,0,0.7,0.15,NA,NA,NA,NA,2e-04,0,0.000933333333333333,NA,2e-04
2026-08-23,"Pantaleon","Deng",2,NA,NA,NA,0,0,2,0,NA,8,5000,NA,NA,NA,NA,NA,NA,NA,NA,NA,NA,NA,NA,NA,0,0,1,0,NA,NA,NA,NA,0,0,4e-04,0,NA,NA,NA,NA,NA,NA,NA,NA,NA,NA,NA,NA,NA,NA,NA,NA,NA
2025-06-22,"Pantaleon","Resp",11,1,0,0,NA,NA,NA,NA,1,6,5000,NA,NA,NA,NA,NA,NA,NA,NA,NA,NA,0.0909090909090909,0,0,NA,NA,NA,NA,0.0909090909090909,2e-04,0,0,NA,NA,NA,NA,2e-04,NA,NA,NA,NA,NA,NA,NA,NA,NA,NA,NA,NA,NA,NA,NA,NA
2025-06-29,"Pantaleon","Resp",6,2,0,0,NA,NA,NA,NA,1,6,5000,28,8,0,0,NA,NA,NA,NA,2,15000,0.333333333333333,0,0,NA,NA,NA,NA,0.166666666666667,4e-04,0,0,NA,NA,NA,NA,2e-04,0.285714285714286,0,0,NA,NA,NA,NA,0.0714285714285714,0.000533333333333333,0,0,NA,NA,NA,0.000133333333333333,NA
2025-07-06,"Pantaleon","Resp",11,5,0,0,NA,NA,NA,NA,0,7,5000,21,8,0,0,NA,NA,NA,NA,1,15000,0.454545454545455,0,0,NA,NA,NA,NA,0,0.001,0,0,NA,NA,NA,NA,0,0.380952380952381,0,0,NA,NA,NA,NA,0.0476190476190476,0.000533333333333333,0,0,NA,NA,NA,6.66666666666667e-05,NA
2025-07-13,"Pantaleon","Resp",4,1,0,0,NA,NA,NA,NA,0,7,5000,20,9,0,0,NA,NA,NA,NA,0,15000,0.25,0,0,NA,NA,NA,NA,0,2e-04,0,0,NA,NA,NA,NA,0,0.45,0,0,NA,NA,NA,NA,0,6e-04,0,0,NA,NA,NA,0,NA
2025-07-20,"Pantaleon","Resp",5,3,0,0,NA,NA,NA,NA,0,7,5000,12,4,0,0,NA,NA,NA,NA,0,15000,0.6,0,0,NA,NA,NA,NA,0,6e-04,0,0,NA,NA,NA,NA,0,0.333333333333333,0,0,NA,NA,NA,NA,0,0.000266666666666667,0,0,NA,NA,NA,0,NA
2025-07-27,"Pantaleon","Resp",3,0,0,0,NA,NA,NA,NA,0,7,5000,12,3,0,0,NA,NA,NA,NA,0,15000,0,0,0,NA,NA,NA,NA,0,0,0,0,NA,NA,NA,NA,0,0.25,0,0,NA,NA,NA,NA,0,2e-04,0,0,NA,NA,NA,0,NA
2025-08-03,"Pantaleon","Resp",4,0,0,0,NA,NA,NA,NA,0,8,5000,13,0,0,0,NA,NA,NA,NA,1,15000,0,0,0,NA,NA,NA,NA,0,0,0,0,NA,NA,NA,NA,0,0,0,0,NA,NA,NA,NA,0.0769230769230769,0,0,0,NA,NA,NA,6.66666666666667e-05,NA
2025-08-10,"Pantaleon","Resp",6,0,0,0,NA,NA,NA,NA,1,8,5000,17,0,0,0,NA,NA,NA,NA,1,15000,0,0,0,NA,NA,NA,NA,0.166666666666667,0,0,0,NA,NA,NA,NA,2e-04,0,0,0,NA,NA,NA,NA,0.0588235294117647,0,0,0,NA,NA,NA,6.66666666666667e-05,NA
2025-08-17,"Pantaleon","Resp",7,0,0,0,NA,NA,NA,NA,0,8,5000,18,0,0,0,NA,NA,NA,NA,1,15000,0,0,0,NA,NA,NA,NA,0,0,0,0,NA,NA,NA,NA,0,0,0,0,NA,NA,NA,NA,0.0555555555555556,0,0,0,NA,NA,NA,6.66666666666667e-05,NA
2025-08-24,"Pantaleon","Resp",5,0,0,0,NA,NA,NA,NA,0,8,5000,15,0,0,0,NA,NA,NA,NA,0,15000,0,0,0,NA,NA,NA,NA,0,0,0,0,NA,NA,NA,NA,0,0,0,0,NA,NA,NA,NA,0,0,0,0,NA,NA,NA,0,NA
2025-08-31,"Pantaleon","Resp",3,0,0,0,NA,NA,NA,NA,0,8,5000,9,0,0,0,NA,NA,NA,NA,0,15000,0,0,0,NA,NA,NA,NA,0,0,0,0,NA,NA,NA,NA,0,0,0,0,NA,NA,NA,NA,0,0,0,0,NA,NA,NA,0,NA
2025-09-07,"Pantaleon","Resp",1,0,0,0,NA,NA,NA,NA,0,9,5000,10,0,0,0,NA,NA,NA,NA,2,15000,0,0,0,NA,NA,NA,NA,0,0,0,0,NA,NA,NA,NA,0,0,0,0,NA,NA,NA,NA,0.2,0,0,0,NA,NA,NA,0.000133333333333333,NA
2025-09-14,"Pantaleon","Resp",6,0,0,0,NA,NA,NA,NA,2,9,5000,15,0,0,0,NA,NA,NA,NA,4,15000,0,0,0,NA,NA,NA,NA,0.333333333333333,0,0,0,NA,NA,NA,NA,4e-04,0,0,0,NA,NA,NA,NA,0.266666666666667,0,0,0,NA,NA,NA,0.000266666666666667,NA
2025-09-21,"Pantaleon","Resp",8,0,0,0,NA,NA,NA,NA,2,9,5000,24,0,0,0,NA,NA,NA,NA,9,15000,0,0,0,NA,NA,NA,NA,0.25,0,0,0,NA,NA,NA,NA,4e-04,0,0,0,NA,NA,NA,NA,0.375,0,0,0,NA,NA,NA,6e-04,NA
2025-09-28,"Pantaleon","Resp",10,0,0,0,NA,NA,NA,NA,5,9,5000,31,1,0,0,NA,NA,NA,NA,13,15000,0,0,0,NA,NA,NA,NA,0.5,0,0,0,NA,NA,NA,NA,0.001,0.032258064516129,0,0,NA,NA,NA,NA,0.419354838709677,6.66666666666667e-05,0,0,NA,NA,NA,0.000866666666666667,NA
2025-10-05,"Pantaleon","Resp",13,1,0,0,NA,NA,NA,NA,6,10,5000,31,1,0,1,NA,NA,NA,NA,11,15000,0.0769230769230769,0,0,NA,NA,NA,NA,0.461538461538462,2e-04,0,0,NA,NA,NA,NA,0.0012,0.032258064516129,0,0.032258064516129,NA,NA,NA,NA,0.354838709677419,6.66666666666667e-05,0,6.66666666666667e-05,NA,NA,NA,0.000733333333333333,NA
2025-10-12,"Pantaleon","Resp",8,0,0,1,NA,NA,NA,NA,0,10,5000,25,1,0,2,NA,NA,NA,NA,7,15000,0,0,0.125,NA,NA,NA,NA,0,0,0,2e-04,NA,NA,NA,NA,0,0.04,0,0.08,NA,NA,NA,NA,0.28,6.66666666666667e-05,0,0.000133333333333333,NA,NA,NA,0.000466666666666667,NA
2025-10-19,"Pantaleon","Resp",4,0,0,1,NA,NA,NA,NA,1,10,5000,16,1,0,2,NA,NA,NA,NA,1,15000,0,0,0.25,NA,NA,NA,NA,0.25,0,0,2e-04,NA,NA,NA,NA,2e-04,0.0625,0,0.125,NA,NA,NA,NA,0.0625,6.66666666666667e-05,0,0.000133333333333333,NA,NA,NA,6.66666666666667e-05,NA
2025-10-26,"Pantaleon","Resp",4,1,0,0,NA,NA,NA,NA,0,10,5000,13,2,0,1,NA,NA,NA,NA,1,17000,0.25,0,0,NA,NA,NA,NA,0,2e-04,0,0,NA,NA,NA,NA,0,0.153846153846154,0,0.0769230769230769,NA,NA,NA,NA,0.0769230769230769,0.000117647058823529,0,5.88235294117647e-05,NA,NA,NA,5.88235294117647e-05,NA
2025-11-02,"Pantaleon","Resp",5,1,0,0,NA,NA,NA,NA,0,11,7000,13,3,0,2,NA,NA,NA,NA,0,19000,0.2,0,0,NA,NA,NA,NA,0,0.000142857142857143,0,0,NA,NA,NA,NA,0,0.230769230769231,0,0.153846153846154,NA,NA,NA,NA,0,0.000157894736842105,0,0.000105263157894737,NA,NA,NA,0,NA
2025-11-09,"Pantaleon","Resp",4,1,0,2,NA,NA,NA,NA,0,11,7000,12,2,0,3,NA,NA,NA,NA,0,21000,0.25,0,0.5,NA,NA,NA,NA,0,0.000142857142857143,0,0.000285714285714286,NA,NA,NA,NA,0,0.166666666666667,0,0.25,NA,NA,NA,NA,0,9.52380952380952e-05,0,0.000142857142857143,NA,NA,NA,0,NA
2025-11-16,"Pantaleon","Resp",3,0,0,1,NA,NA,NA,NA,0,11,7000,15,4,0,4,NA,NA,NA,NA,1,21000,0,0,0.333333333333333,NA,NA,NA,NA,0,0,0,0.000142857142857143,NA,NA,NA,NA,0,0.266666666666667,0,0.266666666666667,NA,NA,NA,NA,0.0666666666666667,0.00019047619047619,0,0.00019047619047619,NA,NA,NA,4.76190476190476e-05,NA
2025-11-30,"Pantaleon","Resp",8,3,0,1,NA,NA,NA,NA,1,11,7000,14,3,0,2,NA,NA,NA,NA,1,21000,0.375,0,0.125,NA,NA,NA,NA,0.125,0.000428571428571429,0,0.000142857142857143,NA,NA,NA,NA,0.000142857142857143,0.214285714285714,0,0.142857142857143,NA,NA,NA,NA,0.0714285714285714,0.000142857142857143,0,9.52380952380952e-05,NA,NA,NA,4.76190476190476e-05,NA
2025-12-07,"Pantaleon","Resp",3,0,0,0,NA,NA,NA,NA,0,12,7000,18,5,0,2,NA,NA,NA,NA,1,21000,0,0,0,NA,NA,NA,NA,0,0,0,0,NA,NA,NA,NA,0,0.277777777777778,0,0.111111111111111,NA,NA,NA,NA,0.0555555555555556,0.000238095238095238,0,9.52380952380952e-05,NA,NA,NA,4.76190476190476e-05,NA
2025-12-14,"Pantaleon","Resp",7,2,0,1,NA,NA,NA,NA,0,12,7000,16,2,0,1,NA,NA,NA,NA,0,21000,0.285714285714286,0,0.142857142857143,NA,NA,NA,NA,0,0.000285714285714286,0,0.000142857142857143,NA,NA,NA,NA,0,0.125,0,0.0625,NA,NA,NA,NA,0,9.52380952380952e-05,0,4.76190476190476e-05,NA,NA,NA,0,NA
2025-12-21,"Pantaleon","Resp",6,0,0,0,NA,NA,NA,NA,0,12,7000,21,6,0,1,NA,NA,NA,NA,0,21000,0,0,0,NA,NA,NA,NA,0,0,0,0,NA,NA,NA,NA,0,0.285714285714286,0,0.0476190476190476,NA,NA,NA,NA,0,0.000285714285714286,0,4.76190476190476e-05,NA,NA,NA,0,NA
2025-12-28,"Pantaleon","Resp",8,4,0,0,NA,NA,NA,NA,0,12,7000,20,6,0,0,NA,NA,NA,NA,0,21000,0.5,0,0,NA,NA,NA,NA,0,0.000571428571428571,0,0,NA,NA,NA,NA,0,0.3,0,0,NA,NA,NA,NA,0,0.000285714285714286,0,0,NA,NA,NA,0,NA
2026-01-04,"Pantaleon","Resp",6,2,0,0,NA,NA,NA,NA,0,1,7000,21,8,0,0,NA,NA,NA,NA,0,21000,0.333333333333333,0,0,NA,NA,NA,NA,0,0.000285714285714286,0,0,NA,NA,NA,NA,0,0.380952380952381,0,0,NA,NA,NA,NA,0,0.000380952380952381,0,0,NA,NA,NA,0,NA
2026-01-11,"Pantaleon","Resp",7,2,0,0,NA,NA,NA,NA,0,1,7000,18,6,0,0,NA,NA,NA,NA,0,21000,0.285714285714286,0,0,NA,NA,NA,NA,0,0.000285714285714286,0,0,NA,NA,NA,NA,0,0.333333333333333,0,0,NA,NA,NA,NA,0,0.000285714285714286,0,0,NA,NA,NA,0,NA
2026-01-18,"Pantaleon","Resp",5,2,0,0,NA,NA,NA,NA,0,1,7000,24,5,0,0,NA,NA,NA,NA,0,21000,0.4,0,0,NA,NA,NA,NA,0,0.000285714285714286,0,0,NA,NA,NA,NA,0,0.208333333333333,0,0,NA,NA,NA,NA,0,0.000238095238095238,0,0,NA,NA,NA,0,NA
2026-01-25,"Pantaleon","Resp",12,1,0,0,NA,NA,NA,NA,0,1,7000,22,5,0,0,NA,NA,NA,NA,0,21000,0.0833333333333333,0,0,NA,NA,NA,NA,0,0.000142857142857143,0,0,NA,NA,NA,NA,0,0.227272727272727,0,0,NA,NA,NA,NA,0,0.000238095238095238,0,0,NA,NA,NA,0,NA
2026-02-01,"Pantaleon","Resp",5,2,0,0,NA,NA,NA,NA,0,2,7000,29,4,0,0,NA,NA,NA,NA,0,21000,0.4,0,0,NA,NA,NA,NA,0,0.000285714285714286,0,0,NA,NA,NA,NA,0,0.137931034482759,0,0,NA,NA,NA,NA,0,0.00019047619047619,0,0,NA,NA,NA,0,NA
2026-02-08,"Pantaleon","Resp",12,1,0,0,NA,NA,NA,NA,0,2,7000,27,5,0,0,NA,NA,NA,NA,0,21000,0.0833333333333333,0,0,NA,NA,NA,NA,0,0.000142857142857143,0,0,NA,NA,NA,NA,0,0.185185185185185,0,0,NA,NA,NA,NA,0,0.000238095238095238,0,0,NA,NA,NA,0,NA
2026-02-15,"Pantaleon","Resp",10,2,0,0,NA,NA,NA,NA,0,2,7000,32,6,0,0,NA,NA,NA,NA,0,21000,0.2,0,0,NA,NA,NA,NA,0,0.000285714285714286,0,0,NA,NA,NA,NA,0,0.1875,0,0,NA,NA,NA,NA,0,0.000285714285714286,0,0,NA,NA,NA,0,NA
2026-02-22,"Pantaleon","Resp",10,3,0,0,NA,NA,NA,NA,0,2,7000,31,6,0,0,NA,NA,NA,NA,0,21000,0.3,0,0,NA,NA,NA,NA,0,0.000428571428571429,0,0,NA,NA,NA,NA,0,0.193548387096774,0,0,NA,NA,NA,NA,0,0.000285714285714286,0,0,NA,NA,NA,0,NA
2026-03-01,"Pantaleon","Resp",11,1,0,0,NA,NA,NA,NA,0,3,7000,34,6,0,0,NA,NA,NA,NA,0,21000,0.0909090909090909,0,0,NA,NA,NA,NA,0,0.000142857142857143,0,0,NA,NA,NA,NA,0,0.176470588235294,0,0,NA,NA,NA,NA,0,0.000285714285714286,0,0,NA,NA,NA,0,NA
2026-03-08,"Pantaleon","Resp",13,2,0,0,NA,NA,NA,NA,0,3,7000,34,4,0,0,NA,NA,NA,NA,0,21000,0.153846153846154,0,0,NA,NA,NA,NA,0,0.000285714285714286,0,0,NA,NA,NA,NA,0,0.117647058823529,0,0,NA,NA,NA,NA,0,0.00019047619047619,0,0,NA,NA,NA,0,NA
2026-03-15,"Pantaleon","Resp",10,1,0,0,NA,NA,NA,NA,0,3,7000,31,4,0,0,NA,NA,NA,NA,0,21000,0.1,0,0,NA,NA,NA,NA,0,0.000142857142857143,0,0,NA,NA,NA,NA,0,0.129032258064516,0,0,NA,NA,NA,NA,0,0.00019047619047619,0,0,NA,NA,NA,0,NA
2026-03-22,"Pantaleon","Resp",8,1,0,0,NA,NA,NA,NA,0,3,7000,20,2,0,0,NA,NA,NA,NA,0,21000,0.125,0,0,NA,NA,NA,NA,0,0.000142857142857143,0,0,NA,NA,NA,NA,0,0.1,0,0,NA,NA,NA,NA,0,9.52380952380952e-05,0,0,NA,NA,NA,0,NA
2026-03-29,"Pantaleon","Resp",2,0,0,0,NA,NA,NA,NA,0,3,7000,16,4,0,0,NA,NA,NA,NA,0,21000,0,0,0,NA,NA,NA,NA,0,0,0,0,NA,NA,NA,NA,0,0.25,0,0,NA,NA,NA,NA,0,0.00019047619047619,0,0,NA,NA,NA,0,NA
2026-04-05,"Pantaleon","Resp",6,3,0,0,NA,NA,NA,NA,0,4,7000,9,3,0,0,NA,NA,NA,NA,0,21000,0.5,0,0,NA,NA,NA,NA,0,0.000428571428571429,0,0,NA,NA,NA,NA,0,0.333333333333333,0,0,NA,NA,NA,NA,0,0.000142857142857143,0,0,NA,NA,NA,0,NA
2026-04-12,"Pantaleon","Resp",1,0,0,0,NA,NA,NA,NA,0,4,7000,11,3,0,0,NA,NA,NA,NA,0,21000,0,0,0,NA,NA,NA,NA,0,0,0,0,NA,NA,NA,NA,0,0.272727272727273,0,0,NA,NA,NA,NA,0,0.000142857142857143,0,0,NA,NA,NA,0,NA
2026-04-19,"Pantaleon","Resp",4,0,0,0,NA,NA,NA,NA,0,4,7000,9,0,0,0,NA,NA,NA,NA,0,21000,0,0,0,NA,NA,NA,NA,0,0,0,0,NA,NA,NA,NA,0,0,0,0,NA,NA,NA,NA,0,0,0,0,NA,NA,NA,0,NA
2026-04-26,"Pantaleon","Resp",4,0,0,0,NA,NA,NA,NA,0,4,7000,21,0,0,0,NA,NA,NA,NA,0,21000,0,0,0,NA,NA,NA,NA,0,0,0,0,NA,NA,NA,NA,0,0,0,0,NA,NA,NA,NA,0,0,0,0,NA,NA,NA,0,NA
2026-05-03,"Pantaleon","Resp",13,0,0,0,NA,NA,NA,NA,0,5,7000,31,4,0,0,NA,NA,NA,NA,0,21000,0,0,0,NA,NA,NA,NA,0,0,0,0,NA,NA,NA,NA,0,0.129032258064516,0,0,NA,NA,NA,NA,0,0.00019047619047619,0,0,NA,NA,NA,0,NA
2026-05-10,"Pantaleon","Resp",14,4,0,0,NA,NA,NA,NA,0,5,7000,28,4,0,0,NA,NA,NA,NA,0,21000,0.285714285714286,0,0,NA,NA,NA,NA,0,0.000571428571428571,0,0,NA,NA,NA,NA,0,0.142857142857143,0,0,NA,NA,NA,NA,0,0.00019047619047619,0,0,NA,NA,NA,0,NA
2026-05-17,"Pantaleon","Resp",1,0,0,0,NA,NA,NA,NA,0,5,7000,25,4,0,0,NA,NA,NA,NA,1,21000,0,0,0,NA,NA,NA,NA,0,0,0,0,NA,NA,NA,NA,0,0.16,0,0,NA,NA,NA,NA,0.04,0.00019047619047619,0,0,NA,NA,NA,4.76190476190476e-05,NA
2026-05-24,"Pantaleon","Resp",10,0,0,0,NA,NA,NA,NA,1,5,7000,17,0,0,0,NA,NA,NA,NA,1,21000,0,0,0,NA,NA,NA,NA,0.1,0,0,0,NA,NA,NA,NA,0.000142857142857143,0,0,0,NA,NA,NA,NA,0.0588235294117647,0,0,0,NA,NA,NA,4.76190476190476e-05,NA
2026-05-31,"Pantaleon","Resp",6,0,0,0,NA,NA,NA,NA,0,5,7000,26,0,0,0,NA,NA,NA,NA,1,19000,0,0,0,NA,NA,NA,NA,0,0,0,0,NA,NA,NA,NA,0,0,0,0,NA,NA,NA,NA,0.0384615384615385,0,0,0,NA,NA,NA,5.26315789473684e-05,NA
2026-06-07,"Pantaleon","Resp",10,0,0,0,NA,NA,NA,NA,0,6,5000,23,0,0,0,NA,NA,NA,NA,0,17000,0,0,0,NA,NA,NA,NA,0,0,0,0,NA,NA,NA,NA,0,0,0,0,NA,NA,NA,NA,0,0,0,0,NA,NA,NA,0,NA
2026-06-14,"Pantaleon","Resp",7,0,0,0,NA,NA,NA,NA,0,6,5000,37,0,0,0,NA,NA,NA,NA,3,15000,0,0,0,NA,NA,NA,NA,0,0,0,0,NA,NA,NA,NA,0,0,0,0,NA,NA,NA,NA,0.0810810810810811,0,0,0,NA,NA,NA,2e-04,NA
2026-06-21,"Pantaleon","Resp",20,0,0,0,NA,NA,NA,NA,3,6,5000,31,0,0,0,NA,NA,NA,NA,3,15000,0,0,0,NA,NA,NA,NA,0.15,0,0,0,NA,NA,NA,NA,6e-04,0,0,0,NA,NA,NA,NA,0.0967741935483871,0,0,0,NA,NA,NA,2e-04,NA
2026-06-28,"Pantaleon","Resp",4,0,0,0,NA,NA,NA,NA,0,6,5000,27,0,0,0,NA,NA,NA,NA,3,15000,0,0,0,NA,NA,NA,NA,0,0,0,0,NA,NA,NA,NA,0,0,0,0,NA,NA,NA,NA,0.111111111111111,0,0,0,NA,NA,NA,2e-04,NA
2026-07-12,"Pantaleon","Resp",3,0,0,0,NA,NA,NA,NA,0,7,5000,17,0,0,1,NA,NA,NA,NA,3,15000,0,0,0,NA,NA,NA,NA,0,0,0,0,NA,NA,NA,NA,0,0,0,0.0588235294117647,NA,NA,NA,NA,0.176470588235294,0,0,6.66666666666667e-05,NA,NA,NA,2e-04,NA
2026-07-19,"Pantaleon","Resp",10,0,0,1,NA,NA,NA,NA,3,7,5000,18,0,0,1,NA,NA,NA,NA,4,15000,0,0,0.1,NA,NA,NA,NA,0.3,0,0,2e-04,NA,NA,NA,NA,6e-04,0,0,0.0555555555555556,NA,NA,NA,NA,0.222222222222222,0,0,6.66666666666667e-05,NA,NA,NA,0.000266666666666667,NA
2026-07-26,"Pantaleon","Resp",5,0,0,0,NA,NA,NA,NA,1,7,5000,19,0,1,1,NA,NA,NA,NA,4,15000,0,0,0,NA,NA,NA,NA,0.2,0,0,0,NA,NA,NA,NA,2e-04,0,0.0526315789473684,0.0526315789473684,NA,NA,NA,NA,0.210526315789474,0,6.66666666666667e-05,6.66666666666667e-05,NA,NA,NA,0.000266666666666667,NA
2026-08-02,"Pantaleon","Resp",4,0,1,0,NA,NA,NA,NA,0,8,5000,23,6,1,0,NA,NA,NA,NA,3,15000,0,0.25,0,NA,NA,NA,NA,0,0,2e-04,0,NA,NA,NA,NA,0,0.260869565217391,0.0434782608695652,0,NA,NA,NA,NA,0.130434782608696,4e-04,6.66666666666667e-05,0,NA,NA,NA,2e-04,NA
2026-08-09,"Pantaleon","Resp",14,6,0,0,NA,NA,NA,NA,2,8,5000,33,11,2,0,NA,NA,NA,NA,2,15000,0.428571428571429,0,0,NA,NA,NA,NA,0.142857142857143,0.0012,0,0,NA,NA,NA,NA,4e-04,0.333333333333333,0.0606060606060606,0,NA,NA,NA,NA,0.0606060606060606,0.000733333333333333,0.000133333333333333,0,NA,NA,NA,0.000133333333333333,NA
2026-08-16,"Pantaleon","Resp",15,5,1,0,NA,NA,NA,NA,0,8,5000,39,17,1,0,NA,NA,NA,NA,2,15000,0.333333333333333,0.0666666666666667,0,NA,NA,NA,NA,0,0.001,2e-04,0,NA,NA,NA,NA,0,0.435897435897436,0.0256410256410256,0,NA,NA,NA,NA,0.0512820512820513,0.00113333333333333,6.66666666666667e-05,0,NA,NA,NA,0.000133333333333333,NA
2026-08-23,"Pantaleon","Resp",10,6,0,0,NA,NA,NA,NA,0,8,5000,NA,NA,NA,NA,NA,NA,NA,NA,NA,NA,0.6,0,0,NA,NA,NA,NA,0,0.0012,0,0,NA,NA,NA,NA,0,NA,NA,NA,NA,NA,NA,NA,NA,NA,NA,NA,NA,NA,NA,NA,NA
2025-06-15,"overall","Deng",10,NA,NA,NA,0,2,8,2,NA,6,8000,NA,NA,NA,NA,NA,NA,NA,NA,NA,NA,NA,NA,NA,0,0.2,0.8,0.2,NA,NA,NA,NA,0,0.00025,0.001,0.00025,NA,NA,NA,NA,NA,NA,NA,NA,NA,NA,NA,NA,NA,NA,NA,NA,NA
2025-06-22,"overall","Deng",9,NA,NA,NA,0,0,9,0,NA,6,8000,22,NA,NA,NA,0,2,19,2,NA,24000,NA,NA,NA,0,0,1,0,NA,NA,NA,NA,0,0,0.001125,0,NA,NA,NA,NA,0,0.0909090909090909,0.863636363636364,0.0909090909090909,NA,NA,NA,NA,0,8.33333333333333e-05,0.000791666666666667,NA,8.33333333333333e-05
2025-06-29,"overall","Deng",3,NA,NA,NA,0,0,2,0,NA,6,8000,15,NA,NA,NA,0,0,14,0,NA,24000,NA,NA,NA,0,0,0.666666666666667,0,NA,NA,NA,NA,0,0,0.00025,0,NA,NA,NA,NA,0,0,0.933333333333333,0,NA,NA,NA,NA,0,0,0.000583333333333333,NA,0
2025-07-06,"overall","Deng",3,NA,NA,NA,0,0,3,0,NA,7,8000,8,NA,NA,NA,0,0,6,0,NA,24000,NA,NA,NA,0,0,1,0,NA,NA,NA,NA,0,0,0.000375,0,NA,NA,NA,NA,0,0,0.75,0,NA,NA,NA,NA,0,0,0.00025,NA,0
2025-07-13,"overall","Deng",2,NA,NA,NA,0,0,1,0,NA,7,8000,9,NA,NA,NA,0,0,7,0,NA,24000,NA,NA,NA,0,0,0.5,0,NA,NA,NA,NA,0,0,0.000125,0,NA,NA,NA,NA,0,0,0.777777777777778,0,NA,NA,NA,NA,0,0,0.000291666666666667,NA,0
2025-07-20,"overall","Deng",4,NA,NA,NA,0,0,3,0,NA,7,8000,7,NA,NA,NA,0,0,4,0,NA,24000,NA,NA,NA,0,0,0.75,0,NA,NA,NA,NA,0,0,0.000375,0,NA,NA,NA,NA,0,0,0.571428571428571,0,NA,NA,NA,NA,0,0,0.000166666666666667,NA,0
2025-07-27,"overall","Deng",1,NA,NA,NA,0,0,0,0,NA,7,8000,12,NA,NA,NA,1,0,7,1,NA,24000,NA,NA,NA,0,0,0,0,NA,NA,NA,NA,0,0,0,0,NA,NA,NA,NA,0.0833333333333333,0,0.583333333333333,0.0833333333333333,NA,NA,NA,NA,4.16666666666667e-05,0,0.000291666666666667,NA,4.16666666666667e-05
2025-08-03,"overall","Deng",7,NA,NA,NA,1,0,4,1,NA,8,8000,12,NA,NA,NA,1,0,8,1,NA,24000,NA,NA,NA,0.142857142857143,0,0.571428571428571,0.142857142857143,NA,NA,NA,NA,0.000125,0,5e-04,0.000125,NA,NA,NA,NA,0.0833333333333333,0,0.666666666666667,0.0833333333333333,NA,NA,NA,NA,4.16666666666667e-05,0,0.000333333333333333,NA,4.16666666666667e-05
2025-08-10,"overall","Deng",4,NA,NA,NA,0,0,4,0,NA,8,8000,15,NA,NA,NA,1,0,12,1,NA,24000,NA,NA,NA,0,0,1,0,NA,NA,NA,NA,0,0,5e-04,0,NA,NA,NA,NA,0.0666666666666667,0,0.8,0.0666666666666667,NA,NA,NA,NA,4.16666666666667e-05,0,5e-04,NA,4.16666666666667e-05
2025-08-17,"overall","Deng",4,NA,NA,NA,0,0,4,0,NA,8,8000,15,NA,NA,NA,0,0,15,0,NA,24000,NA,NA,NA,0,0,1,0,NA,NA,NA,NA,0,0,5e-04,0,NA,NA,NA,NA,0,0,1,0,NA,NA,NA,NA,0,0,0.000625,NA,0
2025-08-24,"overall","Deng",7,NA,NA,NA,0,0,7,0,NA,8,8000,13,NA,NA,NA,0,0,13,0,NA,24000,NA,NA,NA,0,0,1,0,NA,NA,NA,NA,0,0,0.000875,0,NA,NA,NA,NA,0,0,1,0,NA,NA,NA,NA,0,0,0.000541666666666667,NA,0
2025-08-31,"overall","Deng",2,NA,NA,NA,0,0,2,0,NA,8,8000,11,NA,NA,NA,0,0,10,0,NA,24000,NA,NA,NA,0,0,1,0,NA,NA,NA,NA,0,0,0.00025,0,NA,NA,NA,NA,0,0,0.909090909090909,0,NA,NA,NA,NA,0,0,0.000416666666666667,NA,0
2025-09-07,"overall","Deng",2,NA,NA,NA,0,0,1,0,NA,9,8000,8,NA,NA,NA,0,1,7,1,NA,24000,NA,NA,NA,0,0,0.5,0,NA,NA,NA,NA,0,0,0.000125,0,NA,NA,NA,NA,0,0.125,0.875,0.125,NA,NA,NA,NA,0,4.16666666666667e-05,0.000291666666666667,NA,4.16666666666667e-05
2025-09-14,"overall","Deng",4,NA,NA,NA,0,1,4,1,NA,9,8000,10,NA,NA,NA,0,1,9,1,NA,24000,NA,NA,NA,0,0.25,1,0.25,NA,NA,NA,NA,0,0.000125,5e-04,0.000125,NA,NA,NA,NA,0,0.1,0.9,0.1,NA,NA,NA,NA,0,4.16666666666667e-05,0.000375,NA,4.16666666666667e-05
2025-09-21,"overall","Deng",4,NA,NA,NA,0,0,4,0,NA,9,8000,16,NA,NA,NA,0,1,16,1,NA,24000,NA,NA,NA,0,0,1,0,NA,NA,NA,NA,0,0,5e-04,0,NA,NA,NA,NA,0,0.0625,1,0.0625,NA,NA,NA,NA,0,4.16666666666667e-05,0.000666666666666667,NA,4.16666666666667e-05
2025-09-28,"overall","Deng",8,NA,NA,NA,0,0,8,0,NA,9,8000,19,NA,NA,NA,0,1,17,1,NA,23000,NA,NA,NA,0,0,1,0,NA,NA,NA,NA,0,0,0.001,0,NA,NA,NA,NA,0,0.0526315789473684,0.894736842105263,0.0526315789473684,NA,NA,NA,NA,0,4.34782608695652e-05,0.000739130434782609,NA,4.34782608695652e-05
2025-10-05,"overall","Deng",7,NA,NA,NA,0,1,5,1,NA,10,7000,19,NA,NA,NA,0,2,17,2,NA,22000,NA,NA,NA,0,0.142857142857143,0.714285714285714,0.142857142857143,NA,NA,NA,NA,0,0.000142857142857143,0.000714285714285714,0.000142857142857143,NA,NA,NA,NA,0,0.105263157894737,0.894736842105263,0.105263157894737,NA,NA,NA,NA,0,9.09090909090909e-05,0.000772727272727273,NA,9.09090909090909e-05
2025-10-12,"overall","Deng",4,NA,NA,NA,0,1,4,1,NA,10,7000,20,NA,NA,NA,0,2,17,2,NA,21000,NA,NA,NA,0,0.25,1,0.25,NA,NA,NA,NA,0,0.000142857142857143,0.000571428571428571,0.000142857142857143,NA,NA,NA,NA,0,0.1,0.85,0.1,NA,NA,NA,NA,0,9.52380952380952e-05,0.00080952380952381,NA,9.52380952380952e-05
2025-10-19,"overall","Deng",9,NA,NA,NA,0,0,8,0,NA,10,7000,19,NA,NA,NA,0,1,18,1,NA,21000,NA,NA,NA,0,0,0.888888888888889,0,NA,NA,NA,NA,0,0,0.00114285714285714,0,NA,NA,NA,NA,0,0.0526315789473684,0.947368421052632,0.0526315789473684,NA,NA,NA,NA,0,4.76190476190476e-05,0.000857142857142857,NA,4.76190476190476e-05
2025-10-26,"overall","Deng",6,NA,NA,NA,0,0,6,0,NA,10,7000,22,NA,NA,NA,0,0,20,0,NA,23000,NA,NA,NA,0,0,1,0,NA,NA,NA,NA,0,0,0.000857142857142857,0,NA,NA,NA,NA,0,0,0.909090909090909,0,NA,NA,NA,NA,0,0,0.000869565217391304,NA,0
2025-11-02,"overall","Deng",7,NA,NA,NA,0,0,6,0,NA,11,9000,19,NA,NA,NA,0,1,18,1,NA,25000,NA,NA,NA,0,0,0.857142857142857,0,NA,NA,NA,NA,0,0,0.000666666666666667,0,NA,NA,NA,NA,0,0.0526315789473684,0.947368421052632,0.0526315789473684,NA,NA,NA,NA,0,4e-05,0.00072,NA,4e-05
2025-11-09,"overall","Deng",6,NA,NA,NA,0,1,6,1,NA,11,9000,21,NA,NA,NA,0,1,17,1,NA,27000,NA,NA,NA,0,0.166666666666667,1,0.166666666666667,NA,NA,NA,NA,0,0.000111111111111111,0.000666666666666667,0.000111111111111111,NA,NA,NA,NA,0,0.0476190476190476,0.80952380952381,0.0476190476190476,NA,NA,NA,NA,0,3.7037037037037e-05,0.00062962962962963,NA,3.7037037037037e-05
2025-11-16,"overall","Deng",8,NA,NA,NA,0,0,5,0,NA,11,9000,19,NA,NA,NA,0,2,15,2,NA,27000,NA,NA,NA,0,0,0.625,0,NA,NA,NA,NA,0,0,0.000555555555555556,0,NA,NA,NA,NA,0,0.105263157894737,0.789473684210526,0.105263157894737,NA,NA,NA,NA,0,7.40740740740741e-05,0.000555555555555556,NA,7.40740740740741e-05
2025-11-23,"overall","Deng",5,NA,NA,NA,0,1,4,1,NA,11,9000,21,NA,NA,NA,0,2,17,2,NA,27000,NA,NA,NA,0,0.2,0.8,0.2,NA,NA,NA,NA,0,0.000111111111111111,0.000444444444444444,0.000111111111111111,NA,NA,NA,NA,0,0.0952380952380952,0.80952380952381,0.0952380952380952,NA,NA,NA,NA,0,7.40740740740741e-05,0.00062962962962963,NA,7.40740740740741e-05
2025-11-30,"overall","Deng",8,NA,NA,NA,0,1,8,1,NA,11,9000,17,NA,NA,NA,0,2,16,2,NA,27000,NA,NA,NA,0,0.125,1,0.125,NA,NA,NA,NA,0,0.000111111111111111,0.000888888888888889,0.000111111111111111,NA,NA,NA,NA,0,0.117647058823529,0.941176470588235,0.117647058823529,NA,NA,NA,NA,0,7.40740740740741e-05,0.000592592592592593,NA,7.40740740740741e-05
2025-12-07,"overall","Deng",4,NA,NA,NA,0,0,4,0,NA,12,9000,17,NA,NA,NA,0,1,17,1,NA,27000,NA,NA,NA,0,0,1,0,NA,NA,NA,NA,0,0,0.000444444444444444,0,NA,NA,NA,NA,0,0.0588235294117647,1,0.0588235294117647,NA,NA,NA,NA,0,3.7037037037037e-05,0.00062962962962963,NA,3.7037037037037e-05
2025-12-14,"overall","Deng",5,NA,NA,NA,0,0,5,0,NA,12,9000,12,NA,NA,NA,0,0,12,0,NA,27000,NA,NA,NA,0,0,1,0,NA,NA,NA,NA,0,0,0.000555555555555556,0,NA,NA,NA,NA,0,0,1,0,NA,NA,NA,NA,0,0,0.000444444444444444,NA,0
2025-12-21,"overall","Deng",3,NA,NA,NA,0,0,3,0,NA,12,9000,11,NA,NA,NA,0,0,10,0,NA,27000,NA,NA,NA,0,0,1,0,NA,NA,NA,NA,0,0,0.000333333333333333,0,NA,NA,NA,NA,0,0,0.909090909090909,0,NA,NA,NA,NA,0,0,0.00037037037037037,NA,0
2025-12-28,"overall","Deng",3,NA,NA,NA,0,0,2,0,NA,12,9000,13,NA,NA,NA,1,0,9,1,NA,27000,NA,NA,NA,0,0,0.666666666666667,0,NA,NA,NA,NA,0,0,0.000222222222222222,0,NA,NA,NA,NA,0.0769230769230769,0,0.692307692307692,0.0769230769230769,NA,NA,NA,NA,3.7037037037037e-05,0,0.000333333333333333,NA,3.7037037037037e-05
2026-01-04,"overall","Deng",7,NA,NA,NA,1,0,4,1,NA,1,9000,13,NA,NA,NA,1,0,9,1,NA,27000,NA,NA,NA,0.142857142857143,0,0.571428571428571,0.142857142857143,NA,NA,NA,NA,0.000111111111111111,0,0.000444444444444444,0.000111111111111111,NA,NA,NA,NA,0.0769230769230769,0,0.692307692307692,0.0769230769230769,NA,NA,NA,NA,3.7037037037037e-05,0,0.000333333333333333,NA,3.7037037037037e-05
2026-01-11,"overall","Deng",3,NA,NA,NA,0,0,3,0,NA,1,9000,13,NA,NA,NA,1,0,10,1,NA,27000,NA,NA,NA,0,0,1,0,NA,NA,NA,NA,0,0,0.000333333333333333,0,NA,NA,NA,NA,0.0769230769230769,0,0.769230769230769,0.0769230769230769,NA,NA,NA,NA,3.7037037037037e-05,0,0.00037037037037037,NA,3.7037037037037e-05
2026-01-18,"overall","Deng",3,NA,NA,NA,0,0,3,0,NA,1,9000,13,NA,NA,NA,0,1,11,1,NA,27000,NA,NA,NA,0,0,1,0,NA,NA,NA,NA,0,0,0.000333333333333333,0,NA,NA,NA,NA,0,0.0769230769230769,0.846153846153846,0.0769230769230769,NA,NA,NA,NA,0,3.7037037037037e-05,0.000407407407407407,NA,3.7037037037037e-05
2026-01-25,"overall","Deng",7,NA,NA,NA,0,1,5,1,NA,1,9000,14,NA,NA,NA,0,1,12,1,NA,27000,NA,NA,NA,0,0.142857142857143,0.714285714285714,0.142857142857143,NA,NA,NA,NA,0,0.000111111111111111,0.000555555555555556,0.000111111111111111,NA,NA,NA,NA,0,0.0714285714285714,0.857142857142857,0.0714285714285714,NA,NA,NA,NA,0,3.7037037037037e-05,0.000444444444444444,NA,3.7037037037037e-05
2026-02-01,"overall","Deng",4,NA,NA,NA,0,0,4,0,NA,2,9000,16,NA,NA,NA,0,1,14,1,NA,27000,NA,NA,NA,0,0,1,0,NA,NA,NA,NA,0,0,0.000444444444444444,0,NA,NA,NA,NA,0,0.0625,0.875,0.0625,NA,NA,NA,NA,0,3.7037037037037e-05,0.000518518518518519,NA,3.7037037037037e-05
2026-02-08,"overall","Deng",5,NA,NA,NA,0,0,5,0,NA,2,9000,17,NA,NA,NA,0,0,17,0,NA,27000,NA,NA,NA,0,0,1,0,NA,NA,NA,NA,0,0,0.000555555555555556,0,NA,NA,NA,NA,0,0,1,0,NA,NA,NA,NA,0,0,0.00062962962962963,NA,0
2026-02-15,"overall","Deng",8,NA,NA,NA,0,0,8,0,NA,2,9000,23,NA,NA,NA,0,0,22,0,NA,27000,NA,NA,NA,0,0,1,0,NA,NA,NA,NA,0,0,0.000888888888888889,0,NA,NA,NA,NA,0,0,0.956521739130435,0,NA,NA,NA,NA,0,0,0.000814814814814815,NA,0
2026-02-22,"overall","Deng",10,NA,NA,NA,0,0,9,0,NA,2,9000,25,NA,NA,NA,0,0,24,0,NA,27000,NA,NA,NA,0,0,0.9,0,NA,NA,NA,NA,0,0,0.001,0,NA,NA,NA,NA,0,0,0.96,0,NA,NA,NA,NA,0,0,0.000888888888888889,NA,0
2026-03-01,"overall","Deng",7,NA,NA,NA,0,0,7,0,NA,3,9000,26,NA,NA,NA,0,0,23,0,NA,27000,NA,NA,NA,0,0,1,0,NA,NA,NA,NA,0,0,0.000777777777777778,0,NA,NA,NA,NA,0,0,0.884615384615385,0,NA,NA,NA,NA,0,0,0.000851851851851852,NA,0
2026-03-08,"overall","Deng",9,NA,NA,NA,0,0,7,0,NA,3,9000,25,NA,NA,NA,0,0,21,0,NA,27000,NA,NA,NA,0,0,0.777777777777778,0,NA,NA,NA,NA,0,0,0.000777777777777778,0,NA,NA,NA,NA,0,0,0.84,0,NA,NA,NA,NA,0,0,0.000777777777777778,NA,0
2026-03-15,"overall","Deng",9,NA,NA,NA,0,0,7,0,NA,3,9000,22,NA,NA,NA,0,0,17,0,NA,27000,NA,NA,NA,0,0,0.777777777777778,0,NA,NA,NA,NA,0,0,0.000777777777777778,0,NA,NA,NA,NA,0,0,0.772727272727273,0,NA,NA,NA,NA,0,0,0.00062962962962963,NA,0
2026-03-22,"overall","Deng",4,NA,NA,NA,0,0,3,0,NA,3,9000,19,NA,NA,NA,0,0,12,0,NA,27000,NA,NA,NA,0,0,0.75,0,NA,NA,NA,NA,0,0,0.000333333333333333,0,NA,NA,NA,NA,0,0,0.631578947368421,0,NA,NA,NA,NA,0,0,0.000444444444444444,NA,0
2026-03-29,"overall","Deng",6,NA,NA,NA,0,0,2,0,NA,3,9000,18,NA,NA,NA,0,0,12,0,NA,28000,NA,NA,NA,0,0,0.333333333333333,0,NA,NA,NA,NA,0,0,0.000222222222222222,0,NA,NA,NA,NA,0,0,0.666666666666667,0,NA,NA,NA,NA,0,0,0.000428571428571429,NA,0
2026-04-05,"overall","Deng",8,NA,NA,NA,0,0,7,0,NA,4,10000,16,NA,NA,NA,0,0,11,0,NA,29000,NA,NA,NA,0,0,0.875,0,NA,NA,NA,NA,0,0,7e-04,0,NA,NA,NA,NA,0,0,0.6875,0,NA,NA,NA,NA,0,0,0.000379310344827586,NA,0
2026-04-12,"overall","Deng",2,NA,NA,NA,0,0,2,0,NA,4,10000,18,NA,NA,NA,0,0,16,0,NA,30000,NA,NA,NA,0,0,1,0,NA,NA,NA,NA,0,0,2e-04,0,NA,NA,NA,NA,0,0,0.888888888888889,0,NA,NA,NA,NA,0,0,0.000533333333333333,NA,0
2026-04-19,"overall","Deng",8,NA,NA,NA,0,0,7,0,NA,4,10000,14,NA,NA,NA,0,0,10,0,NA,30000,NA,NA,NA,0,0,0.875,0,NA,NA,NA,NA,0,0,7e-04,0,NA,NA,NA,NA,0,0,0.714285714285714,0,NA,NA,NA,NA,0,0,0.000333333333333333,NA,0
2026-04-26,"overall","Deng",4,NA,NA,NA,0,0,1,0,NA,4,10000,27,NA,NA,NA,0,0,22,0,NA,30000,NA,NA,NA,0,0,0.25,0,NA,NA,NA,NA,0,0,1e-04,0,NA,NA,NA,NA,0,0,0.814814814814815,0,NA,NA,NA,NA,0,0,0.000733333333333333,NA,0
2026-05-03,"overall","Deng",15,NA,NA,NA,0,0,14,0,NA,5,10000,37,NA,NA,NA,0,1,32,1,NA,30000,NA,NA,NA,0,0,0.933333333333333,0,NA,NA,NA,NA,0,0,0.0014,0,NA,NA,NA,NA,0,0.027027027027027,0.864864864864865,0.027027027027027,NA,NA,NA,NA,0,3.33333333333333e-05,0.00106666666666667,NA,3.33333333333333e-05
2026-05-10,"overall","Deng",18,NA,NA,NA,0,1,17,1,NA,5,10000,40,NA,NA,NA,0,1,38,1,NA,30000,NA,NA,NA,0,0.0555555555555556,0.944444444444444,0.0555555555555556,NA,NA,NA,NA,0,1e-04,0.0017,1e-04,NA,NA,NA,NA,0,0.025,0.95,0.025,NA,NA,NA,NA,0,3.33333333333333e-05,0.00126666666666667,NA,3.33333333333333e-05
2026-05-17,"overall","Deng",7,NA,NA,NA,0,0,7,0,NA,5,10000,38,NA,NA,NA,0,2,36,2,NA,30000,NA,NA,NA,0,0,1,0,NA,NA,NA,NA,0,0,7e-04,0,NA,NA,NA,NA,0,0.0526315789473684,0.947368421052632,0.0526315789473684,NA,NA,NA,NA,0,6.66666666666667e-05,0.0012,NA,6.66666666666667e-05
2026-05-24,"overall","Deng",13,NA,NA,NA,0,1,12,1,NA,5,10000,26,NA,NA,NA,1,2,25,3,NA,30000,NA,NA,NA,0,0.0769230769230769,0.923076923076923,0.0769230769230769,NA,NA,NA,NA,0,1e-04,0.0012,1e-04,NA,NA,NA,NA,0.0384615384615385,0.0769230769230769,0.961538461538462,0.115384615384615,NA,NA,NA,NA,3.33333333333333e-05,6.66666666666667e-05,0.000833333333333333,NA,1e-04
2026-05-31,"overall","Deng",6,NA,NA,NA,1,1,6,2,NA,5,10000,23,NA,NA,NA,2,2,21,4,NA,28000,NA,NA,NA,0.166666666666667,0.166666666666667,1,0.333333333333333,NA,NA,NA,NA,1e-04,1e-04,6e-04,2e-04,NA,NA,NA,NA,0.0869565217391304,0.0869565217391304,0.91304347826087,0.173913043478261,NA,NA,NA,NA,7.14285714285714e-05,7.14285714285714e-05,0.00075,NA,0.000142857142857143
2026-06-07,"overall","Deng",4,NA,NA,NA,1,0,3,1,NA,6,8000,19,NA,NA,NA,3,1,17,4,NA,26000,NA,NA,NA,0.25,0,0.75,0.25,NA,NA,NA,NA,0.000125,0,0.000375,0.000125,NA,NA,NA,NA,0.157894736842105,0.0526315789473684,0.894736842105263,0.210526315789474,NA,NA,NA,NA,0.000115384615384615,3.84615384615385e-05,0.000653846153846154,NA,0.000153846153846154
2026-06-14,"overall","Deng",9,NA,NA,NA,1,0,8,1,NA,6,8000,27,NA,NA,NA,3,0,25,3,NA,24000,NA,NA,NA,0.111111111111111,0,0.888888888888889,0.111111111111111,NA,NA,NA,NA,0.000125,0,0.001,0.000125,NA,NA,NA,NA,0.111111111111111,0,0.925925925925926,0.111111111111111,NA,NA,NA,NA,0.000125,0,0.00104166666666667,NA,0.000125
2026-06-21,"overall","Deng",14,NA,NA,NA,1,0,14,1,NA,6,8000,34,NA,NA,NA,2,0,31,2,NA,24000,NA,NA,NA,0.0714285714285714,0,1,0.0714285714285714,NA,NA,NA,NA,0.000125,0,0.00175,0.000125,NA,NA,NA,NA,0.0588235294117647,0,0.911764705882353,0.0588235294117647,NA,NA,NA,NA,8.33333333333333e-05,0,0.00129166666666667,NA,8.33333333333333e-05
2026-06-28,"overall","Deng",11,NA,NA,NA,0,0,9,0,NA,6,8000,27,NA,NA,NA,1,0,25,1,NA,24000,NA,NA,NA,0,0,0.818181818181818,0,NA,NA,NA,NA,0,0,0.001125,0,NA,NA,NA,NA,0.037037037037037,0,0.925925925925926,0.037037037037037,NA,NA,NA,NA,4.16666666666667e-05,0,0.00104166666666667,NA,4.16666666666667e-05
2026-07-05,"overall","Deng",2,NA,NA,NA,0,0,2,0,NA,7,8000,21,NA,NA,NA,0,0,17,0,NA,24000,NA,NA,NA,0,0,1,0,NA,NA,NA,NA,0,0,0.00025,0,NA,NA,NA,NA,0,0,0.80952380952381,0,NA,NA,NA,NA,0,0,0.000708333333333333,NA,0
2026-07-12,"overall","Deng",8,NA,NA,NA,0,0,6,0,NA,7,8000,17,NA,NA,NA,0,0,15,0,NA,24000,NA,NA,NA,0,0,0.75,0,NA,NA,NA,NA,0,0,0.00075,0,NA,NA,NA,NA,0,0,0.88235294117647,0,NA,NA,NA,NA,0,0,0.000625,NA,0
2026-07-19,"overall","Deng",7,NA,NA,NA,0,0,7,0,NA,7,8000,20,NA,NA,NA,2,0,16,2,NA,24000,NA,NA,NA,0,0,1,0,NA,NA,NA,NA,0,0,0.000875,0,NA,NA,NA,NA,0.1,0,0.8,0.1,NA,NA,NA,NA,8.33333333333333e-05,0,0.000666666666666667,NA,8.33333333333333e-05
2026-07-26,"overall","Deng",5,NA,NA,NA,2,0,3,2,NA,7,8000,15,NA,NA,NA,2,1,12,3,NA,24000,NA,NA,NA,0.4,0,0.6,0.4,NA,NA,NA,NA,0.00025,0,0.000375,0.00025,NA,NA,NA,NA,0.133333333333333,0.0666666666666667,0.8,0.2,NA,NA,NA,NA,8.33333333333333e-05,4.16666666666667e-05,5e-04,NA,0.000125
2026-08-02,"overall","Deng",3,NA,NA,NA,0,1,2,1,NA,8,8000,20,NA,NA,NA,5,1,13,6,NA,24000,NA,NA,NA,0,0.333333333333333,0.666666666666667,0.333333333333333,NA,NA,NA,NA,0,0.000125,0.00025,0.000125,NA,NA,NA,NA,0.25,0.05,0.65,0.3,NA,NA,NA,NA,0.000208333333333333,4.16666666666667e-05,0.000541666666666667,NA,0.00025
2026-08-09,"overall","Deng",12,NA,NA,NA,3,0,8,3,NA,8,8000,26,NA,NA,NA,3,2,19,5,NA,24000,NA,NA,NA,0.25,0,0.666666666666667,0.25,NA,NA,NA,NA,0.000375,0,0.001,0.000375,NA,NA,NA,NA,0.115384615384615,0.0769230769230769,0.730769230769231,0.192307692307692,NA,NA,NA,NA,0.000125,8.33333333333333e-05,0.000791666666666667,NA,0.000208333333333333
2026-08-16,"overall","Deng",11,NA,NA,NA,0,1,9,1,NA,8,8000,29,NA,NA,NA,3,1,23,4,NA,24000,NA,NA,NA,0,0.0909090909090909,0.818181818181818,0.0909090909090909,NA,NA,NA,NA,0,0.000125,0.001125,0.000125,NA,NA,NA,NA,0.103448275862069,0.0344827586206897,0.793103448275862,0.137931034482759,NA,NA,NA,NA,0.000125,4.16666666666667e-05,0.000958333333333333,NA,0.000166666666666667
2026-08-23,"overall","Deng",6,NA,NA,NA,0,0,6,0,NA,8,8000,18,NA,NA,NA,0,1,16,1,NA,24000,NA,NA,NA,0,0,1,0,NA,NA,NA,NA,0,0,0.00075,0,NA,NA,NA,NA,0,0.0555555555555556,0.888888888888889,0.0555555555555556,NA,NA,NA,NA,0,4.16666666666667e-05,0.000666666666666667,NA,4.16666666666667e-05
2026-08-30,"overall","Deng",1,NA,NA,NA,0,0,1,0,NA,8,8000,NA,NA,NA,NA,NA,NA,NA,NA,NA,NA,NA,NA,NA,0,0,1,0,NA,NA,NA,NA,0,0,0.000125,0,NA,NA,NA,NA,NA,NA,NA,NA,NA,NA,NA,NA,NA,NA,NA,NA,NA
2025-06-15,"overall","Resp",9,4,0,0,NA,NA,NA,NA,0,6,8000,NA,NA,NA,NA,NA,NA,NA,NA,NA,NA,0.444444444444444,0,0,NA,NA,NA,NA,0,5e-04,0,0,NA,NA,NA,NA,0,NA,NA,NA,NA,NA,NA,NA,NA,NA,NA,NA,NA,NA,NA,NA,NA
2025-06-22,"overall","Resp",25,1,0,0,NA,NA,NA,NA,1,6,8000,52,7,0,0,NA,NA,NA,NA,2,24000,0.04,0,0,NA,NA,NA,NA,0.04,0.000125,0,0,NA,NA,NA,NA,0.000125,0.134615384615385,0,0,NA,NA,NA,NA,0.0384615384615385,0.000291666666666667,0,0,NA,NA,NA,8.33333333333333e-05,NA
2025-06-29,"overall","Resp",18,2,0,0,NA,NA,NA,NA,1,6,8000,59,8,0,0,NA,NA,NA,NA,2,24000,0.111111111111111,0,0,NA,NA,NA,NA,0.0555555555555556,0.00025,0,0,NA,NA,NA,NA,0.000125,0.135593220338983,0,0,NA,NA,NA,NA,0.0338983050847458,0.000333333333333333,0,0,NA,NA,NA,8.33333333333333e-05,NA
2025-07-06,"overall","Resp",16,5,0,0,NA,NA,NA,NA,0,7,8000,43,8,0,0,NA,NA,NA,NA,1,24000,0.3125,0,0,NA,NA,NA,NA,0,0.000625,0,0,NA,NA,NA,NA,0,0.186046511627907,0,0,NA,NA,NA,NA,0.0232558139534884,0.000333333333333333,0,0,NA,NA,NA,4.16666666666667e-05,NA
2025-07-13,"overall","Resp",9,1,0,0,NA,NA,NA,NA,0,7,8000,35,9,0,0,NA,NA,NA,NA,0,24000,0.111111111111111,0,0,NA,NA,NA,NA,0,0.000125,0,0,NA,NA,NA,NA,0,0.257142857142857,0,0,NA,NA,NA,NA,0,0.000375,0,0,NA,NA,NA,0,NA
2025-07-20,"overall","Resp",10,3,0,0,NA,NA,NA,NA,0,7,8000,24,4,0,0,NA,NA,NA,NA,0,24000,0.3,0,0,NA,NA,NA,NA,0,0.000375,0,0,NA,NA,NA,NA,0,0.166666666666667,0,0,NA,NA,NA,NA,0,0.000166666666666667,0,0,NA,NA,NA,0,NA
2025-07-27,"overall","Resp",5,0,0,0,NA,NA,NA,NA,0,7,8000,22,3,0,0,NA,NA,NA,NA,0,24000,0,0,0,NA,NA,NA,NA,0,0,0,0,NA,NA,NA,NA,0,0.136363636363636,0,0,NA,NA,NA,NA,0,0.000125,0,0,NA,NA,NA,0,NA
2025-08-03,"overall","Resp",7,0,0,0,NA,NA,NA,NA,0,8,8000,22,0,0,0,NA,NA,NA,NA,1,24000,0,0,0,NA,NA,NA,NA,0,0,0,0,NA,NA,NA,NA,0,0,0,0,NA,NA,NA,NA,0.0454545454545455,0,0,0,NA,NA,NA,4.16666666666667e-05,NA
2025-08-10,"overall","Resp",10,0,0,0,NA,NA,NA,NA,1,8,8000,29,0,0,0,NA,NA,NA,NA,1,24000,0,0,0,NA,NA,NA,NA,0.1,0,0,0,NA,NA,NA,NA,0.000125,0,0,0,NA,NA,NA,NA,0.0344827586206897,0,0,0,NA,NA,NA,4.16666666666667e-05,NA
2025-08-17,"overall","Resp",12,0,0,0,NA,NA,NA,NA,0,8,8000,38,0,0,1,NA,NA,NA,NA,2,24000,0,0,0,NA,NA,NA,NA,0,0,0,0,NA,NA,NA,NA,0,0,0,0.0263157894736842,NA,NA,NA,NA,0.0526315789473684,0,0,4.16666666666667e-05,NA,NA,NA,8.33333333333333e-05,NA
2025-08-24,"overall","Resp",16,0,0,1,NA,NA,NA,NA,1,8,8000,34,0,0,1,NA,NA,NA,NA,2,24000,0,0,0.0625,NA,NA,NA,NA,0.0625,0,0,0.000125,NA,NA,NA,NA,0.000125,0,0,0.0294117647058824,NA,NA,NA,NA,0.0588235294117647,0,0,4.16666666666667e-05,NA,NA,NA,8.33333333333333e-05,NA
2025-08-31,"overall","Resp",6,0,0,0,NA,NA,NA,NA,1,8,8000,26,0,0,1,NA,NA,NA,NA,3,24000,0,0,0,NA,NA,NA,NA,0.166666666666667,0,0,0,NA,NA,NA,NA,0.000125,0,0,0.0384615384615385,NA,NA,NA,NA,0.115384615384615,0,0,4.16666666666667e-05,NA,NA,NA,0.000125,NA
2025-09-07,"overall","Resp",4,0,0,0,NA,NA,NA,NA,1,9,8000,20,0,0,0,NA,NA,NA,NA,4,24000,0,0,0,NA,NA,NA,NA,0.25,0,0,0,NA,NA,NA,NA,0.000125,0,0,0,NA,NA,NA,NA,0.2,0,0,0,NA,NA,NA,0.000166666666666667,NA
2025-09-14,"overall","Resp",10,0,0,0,NA,NA,NA,NA,2,9,8000,33,0,0,0,NA,NA,NA,NA,5,24000,0,0,0,NA,NA,NA,NA,0.2,0,0,0,NA,NA,NA,NA,0.00025,0,0,0,NA,NA,NA,NA,0.151515151515152,0,0,0,NA,NA,NA,0.000208333333333333,NA
2025-09-21,"overall","Resp",19,0,0,0,NA,NA,NA,NA,2,9,8000,43,0,0,0,NA,NA,NA,NA,9,24000,0,0,0,NA,NA,NA,NA,0.105263157894737,0,0,0,NA,NA,NA,NA,0.00025,0,0,0,NA,NA,NA,NA,0.209302325581395,0,0,0,NA,NA,NA,0.000375,NA
2025-09-28,"overall","Resp",14,0,0,0,NA,NA,NA,NA,5,9,8000,56,1,0,0,NA,NA,NA,NA,14,23000,0,0,0,NA,NA,NA,NA,0.357142857142857,0,0,0,NA,NA,NA,NA,0.000625,0.0178571428571429,0,0,NA,NA,NA,NA,0.25,4.34782608695652e-05,0,0,NA,NA,NA,0.000608695652173913,NA
2025-10-05,"overall","Resp",23,1,0,0,NA,NA,NA,NA,7,10,7000,56,1,0,1,NA,NA,NA,NA,16,22000,0.0434782608695652,0,0,NA,NA,NA,NA,0.304347826086957,0.000142857142857143,0,0,NA,NA,NA,NA,0.001,0.0178571428571429,0,0.0178571428571429,NA,NA,NA,NA,0.285714285714286,4.54545454545455e-05,0,4.54545454545455e-05,NA,NA,NA,0.000727272727272727,NA
2025-10-12,"overall","Resp",19,0,0,1,NA,NA,NA,NA,4,10,7000,52,4,0,3,NA,NA,NA,NA,15,21000,0,0,0.0526315789473684,NA,NA,NA,NA,0.210526315789474,0,0,0.000142857142857143,NA,NA,NA,NA,0.000571428571428571,0.0769230769230769,0,0.0576923076923077,NA,NA,NA,NA,0.288461538461538,0.00019047619047619,0,0.000142857142857143,NA,NA,NA,0.000714285714285714,NA
2025-10-19,"overall","Resp",10,3,0,2,NA,NA,NA,NA,4,10,7000,50,4,0,4,NA,NA,NA,NA,8,21000,0.3,0,0.2,NA,NA,NA,NA,0.4,0.000428571428571429,0,0.000285714285714286,NA,NA,NA,NA,0.000571428571428571,0.08,0,0.08,NA,NA,NA,NA,0.16,0.00019047619047619,0,0.00019047619047619,NA,NA,NA,0.000380952380952381,NA
2025-10-26,"overall","Resp",21,1,0,1,NA,NA,NA,NA,0,10,7000,49,5,0,3,NA,NA,NA,NA,4,23000,0.0476190476190476,0,0.0476190476190476,NA,NA,NA,NA,0,0.000142857142857143,0,0.000142857142857143,NA,NA,NA,NA,0,0.102040816326531,0,0.0612244897959184,NA,NA,NA,NA,0.0816326530612245,0.000217391304347826,0,0.000130434782608696,NA,NA,NA,0.000173913043478261,NA
2025-11-02,"overall","Resp",18,1,0,0,NA,NA,NA,NA,0,11,9000,53,3,0,5,NA,NA,NA,NA,0,25000,0.0555555555555556,0,0,NA,NA,NA,NA,0,0.000111111111111111,0,0,NA,NA,NA,NA,0,0.0566037735849057,0,0.0943396226415094,NA,NA,NA,NA,0,0.00012,0,2e-04,NA,NA,NA,0,NA
2025-11-09,"overall","Resp",14,1,0,4,NA,NA,NA,NA,0,11,9000,41,4,0,6,NA,NA,NA,NA,0,27000,0.0714285714285714,0,0.285714285714286,NA,NA,NA,NA,0,0.000111111111111111,0,0.000444444444444444,NA,NA,NA,NA,0,0.0975609756097561,0,0.146341463414634,NA,NA,NA,NA,0,0.000148148148148148,0,0.000222222222222222,NA,NA,NA,0,NA
2025-11-16,"overall","Resp",9,2,0,2,NA,NA,NA,NA,0,11,9000,41,8,0,8,NA,NA,NA,NA,1,27000,0.222222222222222,0,0.222222222222222,NA,NA,NA,NA,0,0.000222222222222222,0,0.000222222222222222,NA,NA,NA,NA,0,0.195121951219512,0,0.195121951219512,NA,NA,NA,NA,0.024390243902439,0.000296296296296296,0,0.000296296296296296,NA,NA,NA,3.7037037037037e-05,NA
2025-11-23,"overall","Resp",18,5,0,2,NA,NA,NA,NA,1,11,9000,46,11,0,6,NA,NA,NA,NA,5,27000,0.277777777777778,0,0.111111111111111,NA,NA,NA,NA,0.0555555555555556,0.000555555555555556,0,0.000222222222222222,NA,NA,NA,NA,0.000111111111111111,0.239130434782609,0,0.130434782608696,NA,NA,NA,NA,0.108695652173913,0.000407407407407407,0,0.000222222222222222,NA,NA,NA,0.000185185185185185,NA
2025-11-30,"overall","Resp",19,4,0,2,NA,NA,NA,NA,4,11,9000,54,9,0,7,NA,NA,NA,NA,7,27000,0.210526315789474,0,0.105263157894737,NA,NA,NA,NA,0.210526315789474,0.000444444444444444,0,0.000222222222222222,NA,NA,NA,NA,0.000444444444444444,0.166666666666667,0,0.12962962962963,NA,NA,NA,NA,0.12962962962963,0.000333333333333333,0,0.000259259259259259,NA,NA,NA,0.000259259259259259,NA
2025-12-07,"overall","Resp",17,0,0,3,NA,NA,NA,NA,2,12,9000,54,7,0,7,NA,NA,NA,NA,7,27000,0,0,0.176470588235294,NA,NA,NA,NA,0.117647058823529,0,0,0.000333333333333333,NA,NA,NA,NA,0.000222222222222222,0.12962962962963,0,0.12962962962963,NA,NA,NA,NA,0.12962962962963,0.000259259259259259,0,0.000259259259259259,NA,NA,NA,0.000259259259259259,NA
2025-12-14,"overall","Resp",18,3,0,2,NA,NA,NA,NA,1,12,9000,48,5,0,5,NA,NA,NA,NA,3,27000,0.166666666666667,0,0.111111111111111,NA,NA,NA,NA,0.0555555555555556,0.000333333333333333,0,0.000222222222222222,NA,NA,NA,NA,0.000111111111111111,0.104166666666667,0,0.104166666666667,NA,NA,NA,NA,0.0625,0.000185185185185185,0,0.000185185185185185,NA,NA,NA,0.000111111111111111,NA
2025-12-21,"overall","Resp",13,2,0,0,NA,NA,NA,NA,0,12,9000,45,10,0,3,NA,NA,NA,NA,1,27000,0.153846153846154,0,0,NA,NA,NA,NA,0,0.000222222222222222,0,0,NA,NA,NA,NA,0,0.222222222222222,0,0.0666666666666667,NA,NA,NA,NA,0.0222222222222222,0.00037037037037037,0,0.000111111111111111,NA,NA,NA,3.7037037037037e-05,NA
2025-12-28,"overall","Resp",14,5,0,1,NA,NA,NA,NA,0,12,9000,47,12,0,1,NA,NA,NA,NA,0,27000,0.357142857142857,0,0.0714285714285714,NA,NA,NA,NA,0,0.000555555555555556,0,0.000111111111111111,NA,NA,NA,NA,0,0.25531914893617,0,0.0212765957446809,NA,NA,NA,NA,0,0.000444444444444444,0,3.7037037037037e-05,NA,NA,NA,0,NA
2026-01-04,"overall","Resp",20,5,0,0,NA,NA,NA,NA,0,1,9000,53,12,1,2,NA,NA,NA,NA,0,27000,0.25,0,0,NA,NA,NA,NA,0,0.000555555555555556,0,0,NA,NA,NA,NA,0,0.226415094339623,0.0188679245283019,0.0377358490566038,NA,NA,NA,NA,0,0.000444444444444444,3.7037037037037e-05,7.40740740740741e-05,NA,NA,NA,0,NA
2026-01-11,"overall","Resp",19,2,1,1,NA,NA,NA,NA,0,1,9000,51,9,1,1,NA,NA,NA,NA,0,27000,0.105263157894737,0.0526315789473684,0.0526315789473684,NA,NA,NA,NA,0,0.000222222222222222,0.000111111111111111,0.000111111111111111,NA,NA,NA,NA,0,0.176470588235294,0.0196078431372549,0.0196078431372549,NA,NA,NA,NA,0,0.000333333333333333,3.7037037037037e-05,3.7037037037037e-05,NA,NA,NA,0,NA
2026-01-18,"overall","Resp",12,2,0,0,NA,NA,NA,NA,0,1,9000,49,5,1,1,NA,NA,NA,NA,0,27000,0.166666666666667,0,0,NA,NA,NA,NA,0,0.000222222222222222,0,0,NA,NA,NA,NA,0,0.102040816326531,0.0204081632653061,0.0204081632653061,NA,NA,NA,NA,0,0.000185185185185185,3.7037037037037e-05,3.7037037037037e-05,NA,NA,NA,0,NA
2026-01-25,"overall","Resp",18,1,0,0,NA,NA,NA,NA,0,1,9000,42,5,0,0,NA,NA,NA,NA,0,27000,0.0555555555555556,0,0,NA,NA,NA,NA,0,0.000111111111111111,0,0,NA,NA,NA,NA,0,0.119047619047619,0,0,NA,NA,NA,NA,0,0.000185185185185185,0,0,NA,NA,NA,0,NA
2026-02-01,"overall","Resp",12,2,0,0,NA,NA,NA,NA,0,2,9000,48,4,0,0,NA,NA,NA,NA,0,27000,0.166666666666667,0,0,NA,NA,NA,NA,0,0.000222222222222222,0,0,NA,NA,NA,NA,0,0.0833333333333333,0,0,NA,NA,NA,NA,0,0.000148148148148148,0,0,NA,NA,NA,0,NA
2026-02-08,"overall","Resp",18,1,0,0,NA,NA,NA,NA,0,2,9000,48,5,0,0,NA,NA,NA,NA,0,27000,0.0555555555555556,0,0,NA,NA,NA,NA,0,0.000111111111111111,0,0,NA,NA,NA,NA,0,0.104166666666667,0,0,NA,NA,NA,NA,0,0.000185185185185185,0,0,NA,NA,NA,0,NA
2026-02-15,"overall","Resp",18,2,0,0,NA,NA,NA,NA,0,2,9000,59,8,0,0,NA,NA,NA,NA,0,27000,0.111111111111111,0,0,NA,NA,NA,NA,0,0.000222222222222222,0,0,NA,NA,NA,NA,0,0.135593220338983,0,0,NA,NA,NA,NA,0,0.000296296296296296,0,0,NA,NA,NA,0,NA
2026-02-22,"overall","Resp",23,5,0,0,NA,NA,NA,NA,0,2,9000,57,9,0,0,NA,NA,NA,NA,0,27000,0.217391304347826,0,0,NA,NA,NA,NA,0,0.000555555555555556,0,0,NA,NA,NA,NA,0,0.157894736842105,0,0,NA,NA,NA,NA,0,0.000333333333333333,0,0,NA,NA,NA,0,NA
2026-03-01,"overall","Resp",16,2,0,0,NA,NA,NA,NA,0,3,9000,64,10,0,0,NA,NA,NA,NA,0,27000,0.125,0,0,NA,NA,NA,NA,0,0.000222222222222222,0,0,NA,NA,NA,NA,0,0.15625,0,0,NA,NA,NA,NA,0,0.00037037037037037,0,0,NA,NA,NA,0,NA
2026-03-08,"overall","Resp",25,3,0,0,NA,NA,NA,NA,0,3,9000,59,8,0,0,NA,NA,NA,NA,0,27000,0.12,0,0,NA,NA,NA,NA,0,0.000333333333333333,0,0,NA,NA,NA,NA,0,0.135593220338983,0,0,NA,NA,NA,NA,0,0.000296296296296296,0,0,NA,NA,NA,0,NA
2026-03-15,"overall","Resp",18,3,0,0,NA,NA,NA,NA,0,3,9000,58,9,0,0,NA,NA,NA,NA,0,27000,0.166666666666667,0,0,NA,NA,NA,NA,0,0.000333333333333333,0,0,NA,NA,NA,NA,0,0.155172413793103,0,0,NA,NA,NA,NA,0,0.000333333333333333,0,0,NA,NA,NA,0,NA
2026-03-22,"overall","Resp",15,3,0,0,NA,NA,NA,NA,0,3,9000,44,6,0,1,NA,NA,NA,NA,0,27000,0.2,0,0,NA,NA,NA,NA,0,0.000333333333333333,0,0,NA,NA,NA,NA,0,0.136363636363636,0,0.0227272727272727,NA,NA,NA,NA,0,0.000222222222222222,0,3.7037037037037e-05,NA,NA,NA,0,NA
2026-03-29,"overall","Resp",11,0,0,1,NA,NA,NA,NA,0,3,9000,41,8,0,1,NA,NA,NA,NA,0,28000,0,0,0.0909090909090909,NA,NA,NA,NA,0,0,0,0.000111111111111111,NA,NA,NA,NA,0,0.195121951219512,0,0.024390243902439,NA,NA,NA,NA,0,0.000285714285714286,0,3.57142857142857e-05,NA,NA,NA,0,NA
2026-04-05,"overall","Resp",15,5,0,0,NA,NA,NA,NA,0,4,10000,27,5,0,1,NA,NA,NA,NA,0,29000,0.333333333333333,0,0,NA,NA,NA,NA,0,5e-04,0,0,NA,NA,NA,NA,0,0.185185185185185,0,0.037037037037037,NA,NA,NA,NA,0,0.000172413793103448,0,3.44827586206897e-05,NA,NA,NA,0,NA
2026-04-12,"overall","Resp",1,0,0,0,NA,NA,NA,NA,0,4,10000,27,6,0,0,NA,NA,NA,NA,0,30000,0,0,0,NA,NA,NA,NA,0,0,0,0,NA,NA,NA,NA,0,0.222222222222222,0,0,NA,NA,NA,NA,0,2e-04,0,0,NA,NA,NA,0,NA
2026-04-19,"overall","Resp",11,1,0,0,NA,NA,NA,NA,0,4,10000,19,1,0,0,NA,NA,NA,NA,0,30000,0.0909090909090909,0,0,NA,NA,NA,NA,0,1e-04,0,0,NA,NA,NA,NA,0,0.0526315789473684,0,0,NA,NA,NA,NA,0,3.33333333333333e-05,0,0,NA,NA,NA,0,NA
2026-04-26,"overall","Resp",7,0,0,0,NA,NA,NA,NA,0,4,10000,34,1,0,0,NA,NA,NA,NA,0,30000,0,0,0,NA,NA,NA,NA,0,0,0,0,NA,NA,NA,NA,0,0.0294117647058824,0,0,NA,NA,NA,NA,0,3.33333333333333e-05,0,0,NA,NA,NA,0,NA
2026-05-03,"overall","Resp",16,0,0,0,NA,NA,NA,NA,0,5,10000,44,4,0,0,NA,NA,NA,NA,0,30000,0,0,0,NA,NA,NA,NA,0,0,0,0,NA,NA,NA,NA,0,0.0909090909090909,0,0,NA,NA,NA,NA,0,0.000133333333333333,0,0,NA,NA,NA,0,NA
2026-05-10,"overall","Resp",21,4,0,0,NA,NA,NA,NA,0,5,10000,48,4,0,0,NA,NA,NA,NA,0,30000,0.19047619047619,0,0,NA,NA,NA,NA,0,4e-04,0,0,NA,NA,NA,NA,0,0.0833333333333333,0,0,NA,NA,NA,NA,0,0.000133333333333333,0,0,NA,NA,NA,0,NA
2026-05-17,"overall","Resp",11,0,0,0,NA,NA,NA,NA,0,5,10000,48,6,0,0,NA,NA,NA,NA,1,30000,0,0,0,NA,NA,NA,NA,0,0,0,0,NA,NA,NA,NA,0,0.125,0,0,NA,NA,NA,NA,0.0208333333333333,2e-04,0,0,NA,NA,NA,3.33333333333333e-05,NA
2026-05-24,"overall","Resp",16,2,0,0,NA,NA,NA,NA,1,5,10000,42,2,0,0,NA,NA,NA,NA,1,30000,0.125,0,0,NA,NA,NA,NA,0.0625,2e-04,0,0,NA,NA,NA,NA,1e-04,0.0476190476190476,0,0,NA,NA,NA,NA,0.0238095238095238,6.66666666666667e-05,0,0,NA,NA,NA,3.33333333333333e-05,NA
2026-05-31,"overall","Resp",15,0,0,0,NA,NA,NA,NA,0,5,10000,49,3,0,0,NA,NA,NA,NA,1,28000,0,0,0,NA,NA,NA,NA,0,0,0,0,NA,NA,NA,NA,0,0.0612244897959184,0,0,NA,NA,NA,NA,0.0204081632653061,0.000107142857142857,0,0,NA,NA,NA,3.57142857142857e-05,NA
2026-06-07,"overall","Resp",18,1,0,0,NA,NA,NA,NA,0,6,8000,48,1,0,0,NA,NA,NA,NA,0,26000,0.0555555555555556,0,0,NA,NA,NA,NA,0,0.000125,0,0,NA,NA,NA,NA,0,0.0208333333333333,0,0,NA,NA,NA,NA,0,3.84615384615385e-05,0,0,NA,NA,NA,0,NA
2026-06-14,"overall","Resp",15,0,0,0,NA,NA,NA,NA,0,6,8000,63,1,0,0,NA,NA,NA,NA,3,24000,0,0,0,NA,NA,NA,NA,0,0,0,0,NA,NA,NA,NA,0,0.0158730158730159,0,0,NA,NA,NA,NA,0.0476190476190476,4.16666666666667e-05,0,0,NA,NA,NA,0.000125,NA
2026-06-21,"overall","Resp",30,0,0,0,NA,NA,NA,NA,3,6,8000,58,0,0,0,NA,NA,NA,NA,3,24000,0,0,0,NA,NA,NA,NA,0.1,0,0,0,NA,NA,NA,NA,0.000375,0,0,0,NA,NA,NA,NA,0.0517241379310345,0,0,0,NA,NA,NA,0.000125,NA
2026-06-28,"overall","Resp",13,0,0,0,NA,NA,NA,NA,0,6,8000,48,0,0,0,NA,NA,NA,NA,5,24000,0,0,0,NA,NA,NA,NA,0,0,0,0,NA,NA,NA,NA,0,0,0,0,NA,NA,NA,NA,0.104166666666667,0,0,0,NA,NA,NA,0.000208333333333333,NA
2026-07-05,"overall","Resp",5,0,0,0,NA,NA,NA,NA,2,7,8000,34,0,0,0,NA,NA,NA,NA,4,24000,0,0,0,NA,NA,NA,NA,0.4,0,0,0,NA,NA,NA,NA,0.00025,0,0,0,NA,NA,NA,NA,0.117647058823529,0,0,0,NA,NA,NA,0.000166666666666667,NA
2026-07-12,"overall","Resp",16,0,0,0,NA,NA,NA,NA,2,7,8000,46,0,1,2,NA,NA,NA,NA,9,24000,0,0,0,NA,NA,NA,NA,0.125,0,0,0,NA,NA,NA,NA,0.00025,0,0.0217391304347826,0.0434782608695652,NA,NA,NA,NA,0.195652173913043,0,4.16666666666667e-05,8.33333333333333e-05,NA,NA,NA,0.000375,NA
2026-07-19,"overall","Resp",25,0,1,2,NA,NA,NA,NA,5,7,8000,53,0,1,3,NA,NA,NA,NA,9,24000,0,0.04,0.08,NA,NA,NA,NA,0.2,0,0.000125,0.00025,NA,NA,NA,NA,0.000625,0,0.0188679245283019,0.0566037735849057,NA,NA,NA,NA,0.169811320754717,0,4.16666666666667e-05,0.000125,NA,NA,NA,0.000375,NA
2026-07-26,"overall","Resp",12,0,0,1,NA,NA,NA,NA,2,7,8000,46,0,2,3,NA,NA,NA,NA,8,24000,0,0,0.0833333333333333,NA,NA,NA,NA,0.166666666666667,0,0,0.000125,NA,NA,NA,NA,0.00025,0,0.0434782608695652,0.0652173913043478,NA,NA,NA,NA,0.173913043478261,0,8.33333333333333e-05,0.000125,NA,NA,NA,0.000333333333333333,NA
2026-08-02,"overall","Resp",9,0,1,0,NA,NA,NA,NA,1,8,8000,39,6,1,1,NA,NA,NA,NA,5,24000,0,0.111111111111111,0,NA,NA,NA,NA,0.111111111111111,0,0.000125,0,NA,NA,NA,NA,0.000125,0.153846153846154,0.0256410256410256,0.0256410256410256,NA,NA,NA,NA,0.128205128205128,0.00025,4.16666666666667e-05,4.16666666666667e-05,NA,NA,NA,0.000208333333333333,NA
2026-08-09,"overall","Resp",18,6,0,0,NA,NA,NA,NA,2,8,8000,50,11,2,0,NA,NA,NA,NA,4,24000,0.333333333333333,0,0,NA,NA,NA,NA,0.111111111111111,0.00075,0,0,NA,NA,NA,NA,0.00025,0.22,0.04,0,NA,NA,NA,NA,0.08,0.000458333333333333,8.33333333333333e-05,0,NA,NA,NA,0.000166666666666667,NA
2026-08-16,"overall","Resp",23,5,1,0,NA,NA,NA,NA,1,8,8000,60,17,1,0,NA,NA,NA,NA,3,24000,0.217391304347826,0.0434782608695652,0,NA,NA,NA,NA,0.0434782608695652,0.000625,0.000125,0,NA,NA,NA,NA,0.000125,0.283333333333333,0.0166666666666667,0,NA,NA,NA,NA,0.05,0.000708333333333333,4.16666666666667e-05,0,NA,NA,NA,0.000125,NA
2026-08-23,"overall","Resp",19,6,0,0,NA,NA,NA,NA,0,8,8000,44,11,2,0,NA,NA,NA,NA,1,24000,0.31578947368421,0,0,NA,NA,NA,NA,0,0.00075,0,0,NA,NA,NA,NA,0,0.25,0.0454545454545455,0,NA,NA,NA,NA,0.0227272727272727,0.000458333333333333,8.33333333333333e-05,0,NA,NA,NA,4.16666666666667e-05,NA
2026-08-30,"overall","Resp",2,0,1,0,NA,NA,NA,NA,0,8,8000,NA,NA,NA,NA,NA,NA,NA,NA,NA,NA,0,0.5,0,NA,NA,NA,NA,0,0,0.000125,0,NA,NA,NA,NA,0,NA,NA,NA,NA,NA,NA,NA,NA,NA,NA,NA,NA,NA,NA,NA,NA
