"","week_start","surveilled","tested","inf_a_pos","inf_b_pos","sars_cov2_pos","vsr_pos","inf_a_h1n1","inf_a_h3n2","ili_inc","ili_inc_roll","flu_gen_inc","flu_gen_inc_roll","flua_inc","flua_inc_roll","flub_inc","flub_inc_roll","scv2_inc","scv2_inc_roll","rsv_inc","rsv_inc_roll","h1n1_inc","h1n1_inc_roll","h3n2_inc","h3n2_inc_roll","total_tested_deng","pcr_pos","igm_pos","ns1_pos","ali","ali_inc","ali_inc_roll","deng_roll","deng_inc","deng_inc_roll"
"1",2025-06-15,250,11,1,1,0,1,0,0,44,NA,8,NA,4,NA,4,NA,0,NA,4,NA,0,NA,0,NA,2,0,0,0,2,8,NA,NA,0,NA
"2",2025-06-22,250,9,1,0,0,0,0,0,36,37.3333333333333,4,5.33333333333333,4,4,0,1.33333333333333,0,0,0,1.33333333333333,0,0,0,0,4,0,0,1,4,16,10.6666666666667,0,4,0
"3",2025-06-29,250,8,1,0,0,0,0,0,32,37.3333333333333,4,2.66666666666667,4,2.66666666666667,0,0,0,0,0,0,0,0,0,0,2,0,0,0,2,8,13.3333333333333,1,0,1.33333333333333
"4",2025-07-06,250,11,0,0,0,0,0,0,44,48,0,1.33333333333333,0,1.33333333333333,0,0,0,0,0,0,0,0,0,0,4,0,1,0,4,16,13.3333333333333,1,4,1.33333333333333
"5",2025-07-13,250,17,0,0,0,0,0,0,68,45.3333333333333,0,1.33333333333333,0,1.33333333333333,0,0,0,0,0,0,0,0,0,0,4,0,0,0,4,16,13.3333333333333,1,0,1.33333333333333
"6",2025-07-20,250,6,1,0,0,0,0,0,24,46.6666666666667,4,1.33333333333333,4,1.33333333333333,0,0,0,0,0,0,0,0,0,0,2,0,0,0,2,8,14.6666666666667,0,0,0
"7",2025-07-27,250,12,0,0,0,0,0,0,48,40,0,1.33333333333333,0,1.33333333333333,0,0,0,1.33333333333333,0,0,0,0,0,0,5,0,0,0,5,20,14.6666666666667,0,0,0
"8",2025-08-03,250,12,0,0,1,0,0,0,48,41.3333333333333,0,2.66666666666667,0,2.66666666666667,0,0,4,2.66666666666667,0,0,0,0,0,0,4,0,0,0,4,16,16,0,0,0
"9",2025-08-10,250,7,2,0,1,0,0,0,28,45.3333333333333,8,2.66666666666667,8,2.66666666666667,0,0,4,5.33333333333333,0,0,0,0,0,0,3,0,0,0,3,12,13.3333333333333,1,0,1.33333333333333
"10",2025-08-17,250,15,0,0,2,0,0,0,60,49.3333333333333,0,2.66666666666667,0,2.66666666666667,0,0,8,5.33333333333333,0,1.33333333333333,0,0,0,0,3,0,1,0,3,12,12,1,4,1.33333333333333
"11",2025-08-24,250,15,0,0,1,1,0,0,60,50.6666666666667,0,0,0,0,0,0,4,4,4,4,0,0,0,0,3,0,0,0,3,12,10.6666666666667,1,0,1.33333333333333
"12",2025-08-31,250,8,0,0,0,2,0,0,32,37.3333333333333,0,0,0,0,0,0,0,1.33333333333333,8,4,0,0,0,0,NA,NA,NA,NA,NA,NA,NA,NA,NA,NA
"13",2025-09-07,250,5,0,0,0,0,0,0,20,32,0,0,0,0,0,0,0,0,0,6.66666666666667,0,0,0,0,2,0,0,0,2,8,8,0,0,0
"14",2025-09-14,250,11,0,0,0,3,0,0,44,34.6666666666667,0,1.33333333333333,0,1.33333333333333,0,0,0,0,12,4,0,0,0,0,1,0,0,0,1,4,6.66666666666667,0,0,0
"15",2025-09-21,250,10,1,0,0,0,0,0,40,41.3333333333333,4,1.33333333333333,4,1.33333333333333,0,0,0,0,0,5.33333333333333,0,0,0,0,2,0,0,0,2,8,12,0,0,0
"16",2025-09-28,250,10,0,0,0,1,0,0,40,45.3333333333333,0,1.33333333333333,0,1.33333333333333,0,0,0,0,4,1.33333333333333,0,0,0,0,6,0,0,0,6,24,13.3333333333333,0,0,0
"17",2025-10-05,250,14,0,0,0,0,0,0,56,42.6666666666667,0,0,0,0,0,0,0,1.33333333333333,0,1.33333333333333,0,0,0,0,2,0,0,0,2,8,12,0,0,0
"18",2025-10-12,250,8,0,0,1,0,0,0,32,34.6666666666667,0,0,0,0,0,0,4,1.33333333333333,0,1.33333333333333,0,0,0,0,1,0,0,0,1,4,6.66666666666667,1,0,1.33333333333333
"19",2025-10-19,250,4,0,0,0,1,0,0,16,30.6666666666667,0,1.33333333333333,0,1.33333333333333,0,0,0,1.33333333333333,4,5.33333333333333,0,0,0,0,2,0,1,0,2,8,6.66666666666667,1,4,1.33333333333333
"20",2025-10-26,250,11,1,0,0,3,0,0,44,44,4,4,4,4,0,0,0,1.33333333333333,12,10.6666666666667,0,0,0,0,2,0,0,0,2,8,8,1,0,1.33333333333333
"21",2025-11-02,250,18,2,0,1,4,0,0,72,69.3333333333333,8,4,8,4,0,0,4,1.33333333333333,16,13.3333333333333,0,0,0,0,NA,NA,NA,NA,NA,NA,NA,NA,NA,NA
"22",2025-11-09,250,23,0,0,0,3,0,0,92,93.3333333333333,0,2.66666666666667,0,2.66666666666667,0,0,0,6.66666666666667,12,24,0,0,0,0,2,0,0,0,2,8,6.66666666666667,0,0,0
"23",2025-11-16,250,29,0,0,4,11,0,0,116,94.6666666666667,0,0,0,0,0,0,16,5.33333333333333,44,29.3333333333333,0,0,0,0,1,0,0,0,1,4,8,1,0,1.33333333333333
"24",2025-11-23,250,19,0,0,0,8,0,0,76,100,0,0,0,0,0,0,0,6.66666666666667,32,33.3333333333333,0,0,0,0,3,0,1,0,3,12,8,1,4,1.33333333333333
"25",2025-11-30,250,27,0,0,1,6,0,0,108,84,0,0,0,0,0,0,4,1.33333333333333,24,22.6666666666667,0,0,0,0,2,0,0,0,2,8,12,3,0,4
"26",2025-12-07,250,17,0,0,0,3,0,0,68,86.6666666666667,0,0,0,0,0,0,0,1.33333333333333,12,13.3333333333333,0,0,0,0,NA,NA,NA,NA,NA,NA,NA,NA,NA,NA
"27",2025-12-14,250,21,0,0,0,1,0,0,84,72,0,1.33333333333333,0,1.33333333333333,0,0,0,0,4,5.33333333333333,0,0,0,0,4,0,2,0,4,16,10.6666666666667,3,8,4
"28",2025-12-21,250,16,1,0,0,0,0,0,64,78.6666666666667,4,1.33333333333333,4,1.33333333333333,0,0,0,1.33333333333333,0,8,0,0,0,0,2,0,1,0,2,8,12,3,4,4
"29",2025-12-28,250,22,0,0,1,5,0,0,88,89.3333333333333,0,4,0,4,0,0,4,1.33333333333333,20,8,0,0,0,0,2,0,0,0,3,12,10.6666666666667,1,0,1.33333333333333
"30",2025-12-28,250,22,0,0,1,5,0,0,88,89.3333333333333,0,4,0,4,0,0,4,1.33333333333333,20,8,0,0,0,0,1,0,0,0,3,12,10.6666666666667,1,0,1.33333333333333
"31",2026-01-04,250,29,2,0,0,1,0,0,116,114.467408585056,8,7.94912559618442,8,7.94912559618442,0,0,0,1.58982511923688,4,9.5389507154213,0,0,0,0,2,0,1,0,2,8,12.7186009538951,1,4,1.58982511923688
"32",2026-01-11,129,21,3,0,0,0,0,0,162.790697674419,119.047619047619,23.2558139534884,10.989010989011,23.2558139534884,10.989010989011,0,0,0,0,0,1.83150183150183,0,0,0,0,3,0,0,0,3,23.2558139534884,14.6520146520147,1,0,1.83150183150183
"33",2026-01-18,167,15,1,0,0,0,0,0,89.8203592814371,102.362204724409,5.98802395209581,7.8740157480315,5.98802395209581,7.8740157480315,0,0,0,0,0,0,0,0,0,0,3,0,0,0,3,17.9640718562874,15.748031496063,0,0,0
"34",2026-01-25,212,16,0,0,0,0,0,0,75.4716981132076,85.2713178294574,0,3.10077519379845,0,3.10077519379845,0,0,0,0,0,0,0,0,0,0,2,0,0,0,2,9.43396226415094,20.1550387596899,2,0,3.10077519379845
"35",2026-02-01,266,24,1,0,0,0,0,0,90.2255639097744,105.834464043419,3.7593984962406,6.7842605156038,3.7593984962406,6.7842605156038,0,0,0,2.71370420624152,0,4.07055630936228,0,0,0,0,8,0,2,0,8,30.0751879699248,27.1370420624152,3,7.5187969924812,4.07055630936228
"36",2026-02-08,259,38,4,0,2,3,0,0,146.718146718147,116.279069767442,15.4440154440154,7.75193798449612,15.4440154440154,7.75193798449612,0,0,7.72200772200772,2.58397932816537,11.5830115830116,6.45994832041344,0,0,0,0,10,0,1,0,10,38.6100386100386,31.0077519379845,3,3.86100386100386,3.87596899224806
"37",2026-02-15,249,28,1,0,0,2,0,0,112.449799196787,133.848133848134,4.01606425702811,10.2960102960103,4.01606425702811,10.2960102960103,0,0,0,2.57400257400257,8.03212851405623,6.43500643500643,0,0,0,0,6,0,0,0,6,24.0963855421687,27.027027027027,2,0,2.57400257400257
"38",2026-02-22,269,38,3,0,0,0,0,0,141.263940520446,122.80701754386,11.1524163568773,5.0125313283208,11.1524163568773,5.0125313283208,0,0,0,0,0,2.5062656641604,0,0,0,0,5,0,1,0,5,18.5873605947955,18.796992481203,1,3.71747211895911,1.2531328320802
"39",2026-03-01,280,32,0,0,0,0,0,0,114.285714285714,134.777376654633,0,14.4404332129964,0,14.4404332129964,0,0,0,0,0,2.40673886883273,0,0,0,0,4,0,0,0,4,14.2857142857143,24.0673886883273,2,0,2.40673886883273
"40",2026-03-08,282,42,9,0,0,2,0,0,148.936170212766,111.241217798595,31.9148936170213,18.7353629976581,31.9148936170213,18.7353629976581,0,0,0,0,7.09219858156028,2.34192037470726,0,0,0,0,11,0,1,0,11,39.0070921985816,26.9320843091335,1,3.54609929078014,1.17096018735363
"41",2026-03-15,292,21,7,0,0,0,0,0,71.9178082191781,99.3449781659389,23.972602739726,26.2008733624454,23.972602739726,26.2008733624454,0,0,0,0,0,2.18340611353712,0,0,0,0,8,0,0,0,8,27.3972602739726,31.6593886462882,1,0,1.09170305676856
"42",2026-03-22,342,28,8,0,0,0,0,0,81.8713450292398,70.1219512195122,23.3918128654971,16.260162601626,23.3918128654971,16.260162601626,0,0,0,0,0,0,0,0,0,0,10,0,0,0,10,29.2397660818713,21.3414634146341,0,0,0
"43",2026-03-29,350,20,1,0,0,0,0,0,57.1428571428571,75,2.85714285714286,13.8888888888889,2.85714285714286,13.8888888888889,0,0,0,0,0,0.925925925925926,0,0,0,0,3,0,0,0,3,8.57142857142857,16.6666666666667,0,0,0
"44",2026-04-05,388,33,6,0,0,1,0,0,85.0515463917526,70.1906412478336,15.4639175257732,12.998266897747,15.4639175257732,12.998266897747,0,0,0,0,2.57731958762887,0.866551126516464,0,0,0,0,5,0,0,0,5,12.8865979381443,11.265164644714,0,0,0
"45",2026-04-12,416,28,8,0,0,0,0,0,67.3076923076923,70.2614379084967,19.2307692307692,13.0718954248366,19.2307692307692,13.0718954248366,0,0,0,0,0,0.816993464052288,0,0,0,0,5,0,0,0,5,12.0192307692308,16.3398692810458,0,0,0
"46",2026-04-19,420,25,2,0,0,0,0,0,59.5238095238095,64.8221343873518,4.76190476190476,9.48616600790514,4.76190476190476,9.48616600790514,0,0,0,0,0,0,0,0,0,0,10,0,0,0,10,23.8095238095238,21.3438735177866,0,0,0
"47",2026-04-26,429,29,2,0,0,0,0,0,67.5990675990676,61.5141955835962,4.66200466200466,7.09779179810726,4.66200466200466,7.09779179810726,0,0,0,0,0,0,0,0,0,0,12,0,0,0,12,27.972027972028,21.2933753943218,0,0,0
"48",2026-05-03,419,24,5,0,0,0,0,0,57.2792362768496,67.2400312744332,11.9331742243437,7.03674745895231,11.9331742243437,7.03674745895231,0,0,0,0,0,0.781860828772479,0,0,0,0,5,0,0,0,5,11.9331742243437,17.982799061767,0,0,0
"49",2026-05-10,431,33,2,0,0,1,0,0,76.5661252900232,80.0316957210777,4.64037122969838,5.54675118858954,4.64037122969838,5.54675118858954,0,0,0,0,2.32018561484919,0.792393026941363,0,0,0,0,6,0,0,0,6,13.9211136890951,15.8478605388273,2,0,1.58478605388273
"50",2026-05-17,412,44,0,0,0,0,0,0,106.796116504854,88.2117080994387,0,4.00962309542903,0,4.00962309542903,0,0,0,0,0,1.60384923817161,0,0,0,0,9,0,2,0,9,21.8446601941748,16.0384923817161,2,4.85436893203883,1.60384923817161
"51",2026-05-24,404,33,3,0,0,1,0,0,81.6831683168317,87.0279146141215,7.42574257425743,4.92610837438424,7.42574257425743,4.92610837438424,0,0,0,0.821018062397373,2.47524752475248,0.821018062397373,0,0,0,0,5,0,0,0,5,12.3762376237624,17.2413793103448,2,0,1.64203612479475
"52",2026-05-31,402,29,3,0,1,0,0,0,72.1393034825871,72.1903199343724,7.46268656716418,4.92206726825267,7.46268656716418,4.92206726825267,0,0,2.48756218905473,0.820344544708778,0,0.820344544708778,0,0,0,0,7,0,0,0,7,17.4129353233831,11.4848236259229,0,0,0
"53",2026-06-07,413,26,0,0,0,0,0,0,62.953995157385,74.8792270531401,0,3.22061191626409,0,3.22061191626409,0,0,0,0.805152979066023,0,0,0,0,0,0,2,0,0,0,2,4.84261501210654,10.4669887278583,0,0,0
"54",2026-06-14,427,38,1,0,0,0,0,0,88.9929742388759,77.34375,2.34192037470726,2.34375,2.34192037470726,2.34375,0,0,0,0.78125,0,0,0,0,0,0,4,0,0,0,4,9.36768149882904,7.8125,1,0,0.78125
"55",2026-06-21,440,35,2,0,1,0,0,0,79.5454545454545,81.2693498452012,4.54545454545455,2.32198142414861,4.54545454545455,2.32198142414861,0,0,2.27272727272727,3.09597523219814,0,0,0,0,0,0,4,0,1,0,4,9.09090909090909,8.51393188854489,1,2.27272727272727,0.773993808049536
"56",2026-06-28,425,32,0,0,3,0,0,0,75.2941176470588,69.6055684454756,0,1.54679040989946,0,1.54679040989946,0,0,7.05882352941176,6.96055684454756,0,0,0,0,0,0,3,0,0,0,3,7.05882352941176,8.50734725444702,1,0,0.773395204949729
"57",2026-07-05,428,23,0,0,5,0,0,0,53.7383177570093,72.2610722610723,0,0,0,0,0,0,11.6822429906542,12.4320124320124,0,0,0,0,0,0,4,0,0,0,4,9.34579439252336,10.8780108780109,0,0,0
"58",2026-07-12,434,38,0,0,8,0,0,0,87.5576036866359,75.1937984496124,0,0,0,0,0,0,18.4331797235023,21.7054263565891,0,0,0,0,0,0,7,0,0,0,7,16.1290322580645,17.0542635658915,2,0,1.55038759689922
"59",2026-07-19,428,36,0,0,15,0,0,0,84.1121495327103,85.4037267080745,0,0,0,0,0,0,35.0467289719626,21.7391304347826,0,0.77639751552795,0,0,0,0,11,0,2,0,11,25.7009345794393,18.6335403726708,2,4.67289719626168,1.5527950310559
"60",2026-07-26,426,36,0,0,5,1,0,0,84.5070422535211,81.1662726556344,0,0,0,0,0,0,11.7370892018779,18.9125295508274,2.34741784037559,2.36406619385343,0,0,0,0,6,0,0,0,6,14.0845070422535,16.548463356974,3,0,2.36406619385343
"61",2026-08-02,415,31,0,0,4,2,0,0,74.6987951807229,67.524115755627,0,0,0,0,0,0,9.63855421686747,8.84244372990354,4.81927710843374,2.41157556270096,0,0,0,0,4,0,1,0,4,9.63855421686747,11.2540192926045,2,2.40963855421687,1.60771704180064
"62",2026-08-09,403,17,0,0,2,0,0,0,42.1836228287841,65.1649235720032,0,0.80450522928399,0,0,0,0.80450522928399,4.96277915632754,5.63153660498793,0,2.41351568785197,0,0,0,0,4,0,1,1,4,9.92555831265509,8.84955752212389,2,2.48138957816377,1.60901045856798
"63",2026-08-16,425,33,0,1,1,1,0,0,77.6470588235294,62.5,2.35294117647059,3.95569620253165,0,0,2.35294117647059,3.95569620253165,2.35294117647059,3.95569620253165,2.35294117647059,4.74683544303798,0,0,0,0,3,0,0,0,3,7.05882352941176,9.49367088607595,1,0,0.791139240506329
"64",2026-08-23,436,29,0,4,2,5,0,0,66.5137614678899,73.959938366718,9.1743119266055,5.39291217257319,0,0,9.1743119266055,5.39291217257319,4.58715596330275,3.08166409861325,11.4678899082569,7.70416024653313,0,0,0,0,5,0,0,0,5,11.4678899082569,6.93374422187981,1,0,0.770416024653313
"65",2026-08-30,437,34,0,2,1,4,0,0,77.8032036613272,77.9220779220779,4.5766590389016,6.11153552330023,0,0,4.5766590389016,6.11153552330023,2.2883295194508,2.29182582123759,9.1533180778032,9.93124522536287,0,0,0,0,1,0,1,0,1,2.2883295194508,7.63941940412529,1,2.2883295194508,0.763941940412529
"66",2026-09-06,436,39,0,2,0,4,0,0,89.4495412844037,71.4285714285714,4.58715596330275,3.88198757763975,0,0,4.58715596330275,3.88198757763975,0,2.32919254658385,9.1743119266055,6.98757763975155,0,0,0,0,4,0,0,0,4,9.1743119266055,10.0931677018634,3,0,2.32919254658385
"67",2026-09-13,415,19,0,1,2,1,0,0,45.7831325301205,66.8238993710692,2.40963855421687,4.71698113207547,0,0,2.40963855421687,4.71698113207547,4.81927710843374,1.57232704402516,2.40963855421687,4.71698113207547,0,0,0,0,8,0,2,0,8,19.2771084337349,13.3647798742138,2,4.81927710843374,1.57232704402516
"68",2026-09-20,421,27,0,3,0,1,0,0,64.1330166270784,58.590657165479,7.12589073634204,10.2929532858274,0,0,7.12589073634204,10.2929532858274,0,2.37529691211401,2.37529691211401,2.37529691211401,0,0,0,0,5,0,0,0,5,11.8764845605701,18.2106096595408,3,0,2.37529691211401
"69",2026-09-27,427,28,0,9,1,1,0,0,65.5737704918033,NA,21.0772833723653,NA,0,NA,21.0772833723653,NA,2.34192037470726,NA,2.34192037470726,NA,0,NA,0,NA,10,0,1,1,10,23.4192037470726,NA,NA,NA,NA
